ticket_id,title,description,category,priority,resolution_hint,language,source
TRX-1170,PowerPoint police manquante Urgent pour une livraison client.,Présentation avec polices non installées. Deadline aujourd'hui 17h.,software,low,Installer polices corporate Tritux.,fr,synthetic_tritux_v1
TRX-1226,Imprimante bureau n'imprime pas Depuis la dernière mise à jour Windows.,"Travaux en file d'attente, status offline. Aucun changement matériel de mon côté.",hardware,medium,"Redémarrer spooler, vérifier IP imprimante.",fr,synthetic_tritux_v1
TRX-1231,Webcam intégrée noire Problème reproduit sur 2 postes.,Caméra allumée mais image noire dans Teams. Captures d'écran disponibles.,hardware,medium,"Réinstaller pilote caméra, privacy settings.",fr,synthetic_tritux_v1
TRX-1345,Calendrier Teams non synchronisé Problème reproduit sur 2 postes.,RDV Outlook absents de Teams. Captures d'écran disponibles.,email,medium,Repair sync M365 calendar.,fr,synthetic_tritux_v1
TRX-1337,Mails partent en spam chez clients Merci de traiter rapidement.,Plaintes SPF/DKIM fail. Impact sur mon activité quotidienne.,email,high,Vérifier enregistrements DNS mail.,fr,synthetic_tritux_v1
TRX-1106,Lien suspect dans Teams Depuis la dernière mise à jour Windows.,Collègue a collé un lien raccourci douteux. Aucun changement matériel de mon côté.,security,high,"Ne pas ouvrir, signaler au SOC Tritux.",fr,synthetic_tritux_v1
TRX-1199,Clavier certain touches mortes Merci de traiter rapidement.,Touches E et R ne répondent plus. Impact sur mon activité quotidienne.,hardware,low,Nettoyage / remplacement clavier.,fr,synthetic_tritux_v1
TRX-1300,Alias email non reçu,L'alias prenom.nom2 n'arrive pas.,account,medium,Vérifier proxyAddresses Exchange.,fr,synthetic_tritux_v1
TRX-1374,Demande formation Excel avancé Urgent pour une livraison client.,Souhait formation tableaux croisés. Deadline aujourd'hui 17h.,other,low,Orienter catalogue formation Tritux.,fr,synthetic_tritux_v1
TRX-1163,OneDrive synchronisation bloquée Merci de traiter rapidement.,"Icône rouge, fichiers hors ligne non sync. Impact sur mon activité quotidienne.",software,medium,"Reset OneDrive, espace disque, droits.",fr,synthetic_tritux_v1
TRX-1162,OneDrive synchronisation bloquée,"Icône rouge, fichiers hors ligne non sync.",software,medium,"Reset OneDrive, espace disque, droits.",fr,synthetic_tritux_v1
TRX-1094,MFA ne fonctionne plus Depuis la dernière mise à jour Windows.,Codes Authenticator incorrects pour la connexion Office. Aucun changement matériel de mon côté.,security,high,Resynchroniser MFA / réenregistrer appareil.,fr,synthetic_tritux_v1
TRX-1041,DNS ne résout pas les sites internes En télétravail uniquement.,intranet.tritux.local ne répond pas. Sur site le problème n'apparaît pas.,network,high,"Pointer DNS vers contrôleurs Tritux, flushdns.",fr,synthetic_tritux_v1
TRX-1263,Compte verrouillé après tentatives En télétravail uniquement.,"Trop d'échecs de connexion, compte lock. Sur site le problème n'apparaît pas.",account,high,Unlock Active Directory / Azure AD.,fr,synthetic_tritux_v1
TRX-1291,Accès VPN non provisionné Problème reproduit sur 2 postes.,Compte ok mais groupe VPN manquant. Captures d'écran disponibles.,account,high,Ajouter au groupe VPN-Users.,fr,synthetic_tritux_v1
TRX-1160,Adobe Reader ne s'ouvre pas Depuis la dernière mise à jour Windows.,PDF s'ouvre dans le navigateur uniquement. Aucun changement matériel de mon côté.,software,low,Réparer/réinstaller Acrobat Reader.,fr,synthetic_tritux_v1
TRX-1318,Pièces jointes bloquées,PDF > 10 Mo refusés à l'envoi.,email,medium,"Utiliser OneDrive link, quota PJ.",fr,synthetic_tritux_v1
TRX-1011,VPN se déconnecte toutes les 10 minutes En télétravail uniquement.,"La session VPN tombe régulièrement, surtout sur Wi-Fi public. Sur site le problème n'apparaît pas.",network,high,"Stabiliser la session: keepalive, MTU, éviter captive portal.",fr,synthetic_tritux_v1
TRX-1139,Word affiche document corrompu Merci de traiter rapidement.,Impossible d'ouvrir mon rapport.docx. Impact sur mon activité quotidienne.,software,medium,Récupération Word / versions OneDrive.,fr,synthetic_tritux_v1
TRX-1190,Zoom / Teams conflit audio Depuis la dernière mise à jour Windows.,Micro non détecté pendant réunion. Aucun changement matériel de mon côté.,software,medium,Permissions Windows privacy + périphérique défaut.,fr,synthetic_tritux_v1
TRX-1004,Impossible de se connecter au VPN Depuis la dernière mise à jour Windows.,Erreur 'connexion VPN échouée' depuis le télétravail. Client OpenVPN à jour. Aucun changement matériel de mon côté.,network,high,"Vérifier certificat VPN, DNS et firewall.",fr,synthetic_tritux_v1
TRX-1315,Mails n'arrivent plus en réception Problème reproduit sur 2 postes.,"Boîte vide depuis hier, envoi OK. Captures d'écran disponibles.",email,high,"Règles Outlook, quarantaine, MX.",fr,synthetic_tritux_v1
TRX-1158,Adobe Reader ne s'ouvre pas Urgent pour une livraison client.,PDF s'ouvre dans le navigateur uniquement. Deadline aujourd'hui 17h.,software,low,Réparer/réinstaller Acrobat Reader.,fr,synthetic_tritux_v1
TRX-1034,Latence élevée sur Teams Depuis la dernière mise à jour Windows.,Appels Teams avec décalage audio important. Aucun changement matériel de mon côté.,network,medium,"Tester bande passante, QoS, fermer VPN split tunnel.",fr,synthetic_tritux_v1
TRX-1037,DNS ne résout pas les sites internes Merci de traiter rapidement.,intranet.tritux.local ne répond pas. Impact sur mon activité quotidienne.,network,high,"Pointer DNS vers contrôleurs Tritux, flushdns.",fr,synthetic_tritux_v1
TRX-1215,Batterie PC portable se décharge vite En télétravail uniquement.,Autonomie < 1h alors que neuve il y a 2 ans. Sur site le problème n'apparaît pas.,hardware,medium,"Diagnostic batterie, remplacement si usée.",fr,synthetic_tritux_v1
TRX-1387,Demande inventaire matériel Problème reproduit sur 2 postes.,Liste des assets de mon département. Captures d'écran disponibles.,other,low,Extraire depuis CMDB / Intune.,fr,synthetic_tritux_v1
TRX-1069,Compte potentiellement compromis Problème reproduit sur 2 postes.,Connexions inhabituelles depuis l'étranger dans les logs. Captures d'écran disponibles.,security,urgent,"Révoquer sessions, reset MDP, MFA obligatoire.",fr,synthetic_tritux_v1
TRX-1207,Souris sans fil se déconnecte Problème reproduit sur 2 postes.,Dongle Logitech instable. Captures d'écran disponibles.,hardware,low,"Changer piles, port USB, réappairage.",fr,synthetic_tritux_v1
TRX-1355,Règle de redirection suspecte Merci de traiter rapidement.,Mails forward auto vers externe. Impact sur mon activité quotidienne.,email,urgent,"Supprimer règle, reset MDP, audit.",fr,synthetic_tritux_v1
TRX-1092,MFA ne fonctionne plus Urgent pour une livraison client.,Codes Authenticator incorrects pour la connexion Office. Deadline aujourd'hui 17h.,security,high,Resynchroniser MFA / réenregistrer appareil.,fr,synthetic_tritux_v1
TRX-1221,PC ne démarre plus En télétravail uniquement.,"Écran noir au power on, ventilateurs tournent. Sur site le problème n'apparaît pas.",hardware,high,"Tester RAM/écran externe, atelier.",fr,synthetic_tritux_v1
TRX-1433,Alerte connexion RDP inhabituelle - besoin aide,Tentative RDP hors heures. Occurrence #4.,security,urgent,"Bloquer IP, audit compte.",fr,synthetic_tritux_v1
TRX-1269,Demande de création compte prestataire En télétravail uniquement.,Nouveau prestataire a besoin d'un accès mail. Sur site le problème n'apparaît pas.,account,medium,Process onboarding RH + IT.,fr,synthetic_tritux_v1
TRX-1145,Installation Docker Desktop bloquée Merci de traiter rapidement.,"Besoin Docker pour le projet, droits insuffisants. Impact sur mon activité quotidienne.",software,medium,Demande logiciel + validation sécurité.,fr,synthetic_tritux_v1
TRX-1002,Impossible de se connecter au VPN Urgent pour une livraison client.,Erreur 'connexion VPN échouée' depuis le télétravail. Client OpenVPN à jour. Deadline aujourd'hui 17h.,network,high,"Vérifier certificat VPN, DNS et firewall.",fr,synthetic_tritux_v1
TRX-1395,Question politique télétravail En télétravail uniquement.,Jours autorisés hors site? Sur site le problème n'apparaît pas.,other,low,Consulter RH / intranet.,fr,synthetic_tritux_v1
TRX-1077,Alerte antivirus malware détecté En télétravail uniquement.,Windows Defender a mis en quarantaine un fichier.exe téléchargé. Sur site le problème n'apparaît pas.,security,urgent,"Ne pas restaurer, scanner complet, isoler poste.",fr,synthetic_tritux_v1
TRX-1431,Alerte connexion RDP inhabituelle - besoin aide,Tentative RDP hors heures. Occurrence #2.,security,urgent,"Bloquer IP, audit compte.",fr,synthetic_tritux_v1
TRX-1265,Demande de création compte prestataire Merci de traiter rapidement.,Nouveau prestataire a besoin d'un accès mail. Impact sur mon activité quotidienne.,account,medium,Process onboarding RH + IT.,fr,synthetic_tritux_v1
TRX-1313,Mails n'arrivent plus en réception Merci de traiter rapidement.,"Boîte vide depuis hier, envoi OK. Impact sur mon activité quotidienne.",email,high,"Règles Outlook, quarantaine, MX.",fr,synthetic_tritux_v1
TRX-1324,Signature email à mettre à jour,Nouvelle signature corporate manquante.,email,low,Déployer signature centralisée.,fr,synthetic_tritux_v1
TRX-1408,Imprimante imprime des pages blanches,Toner semble OK mais sorties blanches. Occurrence #3.,hardware,low,"Tambour/toner, test page.",fr,synthetic_tritux_v1
TRX-1059,Perte de connexion après veille En télétravail uniquement.,"Après sleep Windows, plus de réseau jusqu'au reboot. Sur site le problème n'apparaît pas.",network,medium,"Mettre à jour pilote NIC, désactiver energy saving.",fr,synthetic_tritux_v1
TRX-1336,Mails partent en spam chez clients,Plaintes SPF/DKIM fail.,email,high,Vérifier enregistrements DNS mail.,fr,synthetic_tritux_v1
TRX-1389,Demande inventaire matériel En télétravail uniquement.,Liste des assets de mon département. Sur site le problème n'apparaît pas.,other,low,Extraire depuis CMDB / Intune.,fr,synthetic_tritux_v1
TRX-1173,PowerPoint police manquante En télétravail uniquement.,Présentation avec polices non installées. Sur site le problème n'apparaît pas.,software,low,Installer polices corporate Tritux.,fr,synthetic_tritux_v1
TRX-1021,Wi-Fi instable au 3ème étage Problème reproduit sur 2 postes.,Le réseau sans fil coupe souvent dans la salle réunion B. Captures d'écran disponibles.,network,medium,"Reset borne AP, vérifier couverture et canaux.",fr,synthetic_tritux_v1
TRX-1045,Câble RJ45 défectueux poste finance Problème reproduit sur 2 postes.,"Lien ethernet down, LED orange éteinte. Captures d'écran disponibles.",network,low,Remplacer câble et tester port switch.,fr,synthetic_tritux_v1
TRX-1164,OneDrive synchronisation bloquée Urgent pour une livraison client.,"Icône rouge, fichiers hors ligne non sync. Deadline aujourd'hui 17h.",software,medium,"Reset OneDrive, espace disque, droits.",fr,synthetic_tritux_v1
TRX-1109,Certificat SSL invalide sur portail Merci de traiter rapidement.,Navigateur indique certificat non fiable. Impact sur mon activité quotidienne.,security,high,Vérifier horloge système et certificat serveur.,fr,synthetic_tritux_v1
TRX-1208,Souris sans fil se déconnecte Depuis la dernière mise à jour Windows.,Dongle Logitech instable. Aucun changement matériel de mon côté.,hardware,low,"Changer piles, port USB, réappairage.",fr,synthetic_tritux_v1
TRX-1211,Batterie PC portable se décharge vite Merci de traiter rapidement.,Autonomie < 1h alors que neuve il y a 2 ans. Impact sur mon activité quotidienne.,hardware,medium,"Diagnostic batterie, remplacement si usée.",fr,synthetic_tritux_v1
TRX-1089,USB non autorisé bloqué En télétravail uniquement.,Clé USB refusée par la politique de sécurité. Sur site le problème n'apparaît pas.,security,low,"Utiliser OneDrive Tritux, demander exception SI.",fr,synthetic_tritux_v1
TRX-1169,PowerPoint police manquante Merci de traiter rapidement.,Présentation avec polices non installées. Impact sur mon activité quotidienne.,software,low,Installer polices corporate Tritux.,fr,synthetic_tritux_v1
TRX-1310,Profil Windows corrompu Depuis la dernière mise à jour Windows.,Impossible de charger le profil local. Aucun changement matériel de mon côté.,account,high,"Nouveau profil temporaire, migration data.",fr,synthetic_tritux_v1
TRX-1006,VPN se déconnecte toutes les 10 minutes,"La session VPN tombe régulièrement, surtout sur Wi-Fi public.",network,high,"Stabiliser la session: keepalive, MTU, éviter captive portal.",fr,synthetic_tritux_v1
TRX-1061,Email de phishing suspect reçu Merci de traiter rapidement.,Mail demandant de saisir mon mot de passe SSO via un lien externe. Impact sur mon activité quotidienne.,security,urgent,"Ne pas cliquer, signaler phishing, reset MDP si cliqué.",fr,synthetic_tritux_v1
TRX-1320,Pièces jointes bloquées Urgent pour une livraison client.,PDF > 10 Mo refusés à l'envoi. Deadline aujourd'hui 17h.,email,medium,"Utiliser OneDrive link, quota PJ.",fr,synthetic_tritux_v1
TRX-1177,Navigateur Chrome très lent Problème reproduit sur 2 postes.,"Onglets se figent, utilisation CPU élevée. Captures d'écran disponibles.",software,medium,"Désactiver extensions, clear cache.",fr,synthetic_tritux_v1
TRX-1303,Alias email non reçu Problème reproduit sur 2 postes.,L'alias prenom.nom2 n'arrive pas. Captures d'écran disponibles.,account,medium,Vérifier proxyAddresses Exchange.,fr,synthetic_tritux_v1
TRX-1143,Word affiche document corrompu En télétravail uniquement.,Impossible d'ouvrir mon rapport.docx. Sur site le problème n'apparaît pas.,software,medium,Récupération Word / versions OneDrive.,fr,synthetic_tritux_v1
TRX-1277,Changement de nom suite mariage Merci de traiter rapidement.,Mettre à jour display name et email. Impact sur mon activité quotidienne.,account,low,Ticket identité + sync HRIS.,fr,synthetic_tritux_v1
TRX-1391,Question politique télétravail Merci de traiter rapidement.,Jours autorisés hors site? Impact sur mon activité quotidienne.,other,low,Consulter RH / intranet.,fr,synthetic_tritux_v1
TRX-1276,Changement de nom suite mariage,Mettre à jour display name et email.,account,low,Ticket identité + sync HRIS.,fr,synthetic_tritux_v1
TRX-1153,VS Code extensions manquantes Problème reproduit sur 2 postes.,Environnement de dév incomplet après reset poste. Captures d'écran disponibles.,software,low,Réinstaller pack extensions Tritux.,fr,synthetic_tritux_v1
TRX-1088,USB non autorisé bloqué Depuis la dernière mise à jour Windows.,Clé USB refusée par la politique de sécurité. Aucun changement matériel de mon côté.,security,low,"Utiliser OneDrive Tritux, demander exception SI.",fr,synthetic_tritux_v1
TRX-1218,PC ne démarre plus Urgent pour une livraison client.,"Écran noir au power on, ventilateurs tournent. Deadline aujourd'hui 17h.",hardware,high,"Tester RAM/écran externe, atelier.",fr,synthetic_tritux_v1
TRX-1020,Wi-Fi instable au 3ème étage Urgent pour une livraison client.,Le réseau sans fil coupe souvent dans la salle réunion B. Deadline aujourd'hui 17h.,network,medium,"Reset borne AP, vérifier couverture et canaux.",fr,synthetic_tritux_v1
TRX-1351,Quota boîte mail saturé Problème reproduit sur 2 postes.,"Impossible de recevoir, 99 Go utilisés. Captures d'écran disponibles.",email,medium,Archivage online + purge.,fr,synthetic_tritux_v1
TRX-1394,Question politique télétravail Depuis la dernière mise à jour Windows.,Jours autorisés hors site? Aucun changement matériel de mon côté.,other,low,Consulter RH / intranet.,fr,synthetic_tritux_v1
TRX-1422,Erreur OneNote sync,Bloc-notes ne se synchronise plus.,software,low,Repair OneNote / Sign-out.,fr,synthetic_tritux_v1
TRX-1180,Erreur licence Office 365,Produit non licencié après changement de poste.,software,high,Réactiver licence via compte Tritux.,fr,synthetic_tritux_v1
TRX-1428,Demande accès GitLab,Nouveau développeur sans accès dépôt. Occurrence #3.,account,medium,Ajouter groupe gitlab-devs.,fr,synthetic_tritux_v1
TRX-1096,Ransomware suspicion fichiers chiffrés,Extensions .locked apparues sur mon dossier Documents.,security,urgent,"Débrancher réseau immédiatement, alerter SOC.",fr,synthetic_tritux_v1
TRX-1093,MFA ne fonctionne plus Problème reproduit sur 2 postes.,Codes Authenticator incorrects pour la connexion Office. Captures d'écran disponibles.,security,high,Resynchroniser MFA / réenregistrer appareil.,fr,synthetic_tritux_v1
TRX-1257,Mot de passe SSO expiré En télétravail uniquement.,"Impossible de se connecter, MDP expiré. Sur site le problème n'apparaît pas.",account,high,Reset via self-service ou agent identité.,fr,synthetic_tritux_v1
TRX-1175,Navigateur Chrome très lent Merci de traiter rapidement.,"Onglets se figent, utilisation CPU élevée. Impact sur mon activité quotidienne.",software,medium,"Désactiver extensions, clear cache.",fr,synthetic_tritux_v1
TRX-1068,Compte potentiellement compromis Urgent pour une livraison client.,Connexions inhabituelles depuis l'étranger dans les logs. Deadline aujourd'hui 17h.,security,urgent,"Révoquer sessions, reset MDP, MFA obligatoire.",fr,synthetic_tritux_v1
TRX-1187,Zoom / Teams conflit audio Merci de traiter rapidement.,Micro non détecté pendant réunion. Impact sur mon activité quotidienne.,software,medium,Permissions Windows privacy + périphérique défaut.,fr,synthetic_tritux_v1
TRX-1130,Excel plante à l'ouverture d'un fichier Depuis la dernière mise à jour Windows.,Fichier macro .xlsm provoque un crash Excel. Aucun changement matériel de mon côté.,software,medium,"Ouvrir sans macro, réparer fichier, MAJ Office.",fr,synthetic_tritux_v1
TRX-1149,Installation Docker Desktop bloquée En télétravail uniquement.,"Besoin Docker pour le projet, droits insuffisants. Sur site le problème n'apparaît pas.",software,medium,Demande logiciel + validation sécurité.,fr,synthetic_tritux_v1
TRX-1356,Règle de redirection suspecte Urgent pour une livraison client.,Mails forward auto vers externe. Deadline aujourd'hui 17h.,email,urgent,"Supprimer règle, reset MDP, audit.",fr,synthetic_tritux_v1
TRX-1348,Quota boîte mail saturé,"Impossible de recevoir, 99 Go utilisés.",email,medium,Archivage online + purge.,fr,synthetic_tritux_v1
TRX-1217,PC ne démarre plus Merci de traiter rapidement.,"Écran noir au power on, ventilateurs tournent. Impact sur mon activité quotidienne.",hardware,high,"Tester RAM/écran externe, atelier.",fr,synthetic_tritux_v1
TRX-1268,Demande de création compte prestataire Depuis la dernière mise à jour Windows.,Nouveau prestataire a besoin d'un accès mail. Aucun changement matériel de mon côté.,account,medium,Process onboarding RH + IT.,fr,synthetic_tritux_v1
TRX-1233,Webcam intégrée noire En télétravail uniquement.,Caméra allumée mais image noire dans Teams. Sur site le problème n'apparaît pas.,hardware,medium,"Réinstaller pilote caméra, privacy settings.",fr,synthetic_tritux_v1
TRX-1212,Batterie PC portable se décharge vite Urgent pour une livraison client.,Autonomie < 1h alors que neuve il y a 2 ans. Deadline aujourd'hui 17h.,hardware,medium,"Diagnostic batterie, remplacement si usée.",fr,synthetic_tritux_v1
TRX-1038,DNS ne résout pas les sites internes Urgent pour une livraison client.,intranet.tritux.local ne répond pas. Deadline aujourd'hui 17h.,network,high,"Pointer DNS vers contrôleurs Tritux, flushdns.",fr,synthetic_tritux_v1
TRX-1347,Calendrier Teams non synchronisé En télétravail uniquement.,RDV Outlook absents de Teams. Sur site le problème n'apparaît pas.,email,medium,Repair sync M365 calendar.,fr,synthetic_tritux_v1
TRX-1198,Clavier certain touches mortes,Touches E et R ne répondent plus.,hardware,low,Nettoyage / remplacement clavier.,fr,synthetic_tritux_v1
TRX-1225,Imprimante bureau n'imprime pas Problème reproduit sur 2 postes.,"Travaux en file d'attente, status offline. Captures d'écran disponibles.",hardware,medium,"Redémarrer spooler, vérifier IP imprimante.",fr,synthetic_tritux_v1
TRX-1050,Proxy bloque certains sites pro Urgent pour une livraison client.,Accès refusé via proxy pour un outil SaaS métier. Deadline aujourd'hui 17h.,network,medium,Demander exception proxy / whitelist.,fr,synthetic_tritux_v1
TRX-1144,Installation Docker Desktop bloquée,"Besoin Docker pour le projet, droits insuffisants.",software,medium,Demande logiciel + validation sécurité.,fr,synthetic_tritux_v1
TRX-1409,Imprimante imprime des pages blanches - besoin aide,Toner semble OK mais sorties blanches. Occurrence #4.,hardware,low,"Tambour/toner, test page.",fr,synthetic_tritux_v1
TRX-1100,Ransomware suspicion fichiers chiffrés Depuis la dernière mise à jour Windows.,Extensions .locked apparues sur mon dossier Documents. Aucun changement matériel de mon côté.,security,urgent,"Débrancher réseau immédiatement, alerter SOC.",fr,synthetic_tritux_v1
TRX-1281,Changement de nom suite mariage En télétravail uniquement.,Mettre à jour display name et email. Sur site le problème n'apparaît pas.,account,low,Ticket identité + sync HRIS.,fr,synthetic_tritux_v1
TRX-1085,USB non autorisé bloqué Merci de traiter rapidement.,Clé USB refusée par la politique de sécurité. Impact sur mon activité quotidienne.,security,low,"Utiliser OneDrive Tritux, demander exception SI.",fr,synthetic_tritux_v1
TRX-1026,Impossible d'accéder au partage réseau Urgent pour une livraison client.,"\\tritux-fs01\projets inaccessible, erreur d'accès refusé. Deadline aujourd'hui 17h.",network,medium,Vérifier droits SMB et VPN si hors site.,fr,synthetic_tritux_v1
TRX-1200,Clavier certain touches mortes Urgent pour une livraison client.,Touches E et R ne répondent plus. Deadline aujourd'hui 17h.,hardware,low,Nettoyage / remplacement clavier.,fr,synthetic_tritux_v1
TRX-1127,Excel plante à l'ouverture d'un fichier Merci de traiter rapidement.,Fichier macro .xlsm provoque un crash Excel. Impact sur mon activité quotidienne.,software,medium,"Ouvrir sans macro, réparer fichier, MAJ Office.",fr,synthetic_tritux_v1
TRX-1066,Compte potentiellement compromis,Connexions inhabituelles depuis l'étranger dans les logs.,security,urgent,"Révoquer sessions, reset MDP, MFA obligatoire.",fr,synthetic_tritux_v1
TRX-1340,Mails partent en spam chez clients Depuis la dernière mise à jour Windows.,Plaintes SPF/DKIM fail. Aucun changement matériel de mon côté.,email,high,Vérifier enregistrements DNS mail.,fr,synthetic_tritux_v1
TRX-1363,Distribution list non à jour Problème reproduit sur 2 postes.,Liste all-staff contient anciens employés. Captures d'écran disponibles.,email,low,Sync HR + nettoyage DL.,fr,synthetic_tritux_v1
TRX-1209,Souris sans fil se déconnecte En télétravail uniquement.,Dongle Logitech instable. Sur site le problème n'apparaît pas.,hardware,low,"Changer piles, port USB, réappairage.",fr,synthetic_tritux_v1
TRX-1053,Proxy bloque certains sites pro En télétravail uniquement.,Accès refusé via proxy pour un outil SaaS métier. Sur site le problème n'apparaît pas.,network,medium,Demander exception proxy / whitelist.,fr,synthetic_tritux_v1
TRX-1151,VS Code extensions manquantes Merci de traiter rapidement.,Environnement de dév incomplet après reset poste. Impact sur mon activité quotidienne.,software,low,Réinstaller pack extensions Tritux.,fr,synthetic_tritux_v1
TRX-1244,Dock USB-C non détecté Depuis la dernière mise à jour Windows.,Écrans externes ne s'allument plus via dock. Aucun changement matériel de mon côté.,hardware,medium,"MAJ firmware dock, tester autre câble.",fr,synthetic_tritux_v1
TRX-1249,Casque audio crackle Problème reproduit sur 2 postes.,Bruits parasites sur casque USB. Captures d'écran disponibles.,hardware,low,"Changer port USB, pilote audio.",fr,synthetic_tritux_v1
TRX-1184,Erreur licence Office 365 Depuis la dernière mise à jour Windows.,Produit non licencié après changement de poste. Aucun changement matériel de mon côté.,software,high,Réactiver licence via compte Tritux.,fr,synthetic_tritux_v1
TRX-1074,Alerte antivirus malware détecté Urgent pour une livraison client.,Windows Defender a mis en quarantaine un fichier.exe téléchargé. Deadline aujourd'hui 17h.,security,urgent,"Ne pas restaurer, scanner complet, isoler poste.",fr,synthetic_tritux_v1
TRX-1031,Latence élevée sur Teams Merci de traiter rapidement.,Appels Teams avec décalage audio important. Impact sur mon activité quotidienne.,network,medium,"Tester bande passante, QoS, fermer VPN split tunnel.",fr,synthetic_tritux_v1
TRX-1072,Alerte antivirus malware détecté,Windows Defender a mis en quarantaine un fichier.exe téléchargé.,security,urgent,"Ne pas restaurer, scanner complet, isoler poste.",fr,synthetic_tritux_v1
TRX-1133,Teams ne rejoint pas les réunions Merci de traiter rapidement.,"Bouton Rejoindre grisé, erreur média. Impact sur mon activité quotidienne.",software,medium,"Clear cache Teams, réinstaller client.",fr,synthetic_tritux_v1
TRX-1314,Mails n'arrivent plus en réception Urgent pour une livraison client.,"Boîte vide depuis hier, envoi OK. Deadline aujourd'hui 17h.",email,high,"Règles Outlook, quarantaine, MX.",fr,synthetic_tritux_v1
TRX-1228,Webcam intégrée noire,Caméra allumée mais image noire dans Teams.,hardware,medium,"Réinstaller pilote caméra, privacy settings.",fr,synthetic_tritux_v1
TRX-1188,Zoom / Teams conflit audio Urgent pour une livraison client.,Micro non détecté pendant réunion. Deadline aujourd'hui 17h.,software,medium,Permissions Windows privacy + périphérique défaut.,fr,synthetic_tritux_v1
TRX-1240,Dock USB-C non détecté,Écrans externes ne s'allument plus via dock.,hardware,medium,"MAJ firmware dock, tester autre câble.",fr,synthetic_tritux_v1
TRX-1120,Outlook ne démarre plus,Outlook plante au lancement avec erreur 0x8004010F.,software,high,"Réparer Office, mode sans échec, nouveau profil.",fr,synthetic_tritux_v1
TRX-1076,Alerte antivirus malware détecté Depuis la dernière mise à jour Windows.,Windows Defender a mis en quarantaine un fichier.exe téléchargé. Aucun changement matériel de mon côté.,security,urgent,"Ne pas restaurer, scanner complet, isoler poste.",fr,synthetic_tritux_v1
TRX-1210,Batterie PC portable se décharge vite,Autonomie < 1h alors que neuve il y a 2 ans.,hardware,medium,"Diagnostic batterie, remplacement si usée.",fr,synthetic_tritux_v1
TRX-1156,Adobe Reader ne s'ouvre pas,PDF s'ouvre dans le navigateur uniquement.,software,low,Réparer/réinstaller Acrobat Reader.,fr,synthetic_tritux_v1
TRX-1411,Connexion SSO lente - besoin aide,Login Azure AD prend plus de 2 minutes. Occurrence #2.,account,medium,Vérifier réseau et MFA latency.,fr,synthetic_tritux_v1
TRX-1010,VPN se déconnecte toutes les 10 minutes Depuis la dernière mise à jour Windows.,"La session VPN tombe régulièrement, surtout sur Wi-Fi public. Aucun changement matériel de mon côté.",network,high,"Stabiliser la session: keepalive, MTU, éviter captive portal.",fr,synthetic_tritux_v1
TRX-1380,Réservation salle réunion outil Urgent pour une livraison client.,Comment réserver la salle Innovate? Deadline aujourd'hui 17h.,other,low,Utiliser Outlook room finder.,fr,synthetic_tritux_v1
TRX-1129,Excel plante à l'ouverture d'un fichier Problème reproduit sur 2 postes.,Fichier macro .xlsm provoque un crash Excel. Captures d'écran disponibles.,software,medium,"Ouvrir sans macro, réparer fichier, MAJ Office.",fr,synthetic_tritux_v1
TRX-1007,VPN se déconnecte toutes les 10 minutes Merci de traiter rapidement.,"La session VPN tombe régulièrement, surtout sur Wi-Fi public. Impact sur mon activité quotidienne.",network,high,"Stabiliser la session: keepalive, MTU, éviter captive portal.",fr,synthetic_tritux_v1
TRX-1261,Compte verrouillé après tentatives Problème reproduit sur 2 postes.,"Trop d'échecs de connexion, compte lock. Captures d'écran disponibles.",account,high,Unlock Active Directory / Azure AD.,fr,synthetic_tritux_v1
TRX-1296,Double authentification à configurer Urgent pour une livraison client.,Onboarding: activer MFA obligatoire. Deadline aujourd'hui 17h.,account,medium,Guide enrollment Authenticator.,fr,synthetic_tritux_v1
TRX-1264,Demande de création compte prestataire,Nouveau prestataire a besoin d'un accès mail.,account,medium,Process onboarding RH + IT.,fr,synthetic_tritux_v1
TRX-1159,Adobe Reader ne s'ouvre pas Problème reproduit sur 2 postes.,PDF s'ouvre dans le navigateur uniquement. Captures d'écran disponibles.,software,low,Réparer/réinstaller Acrobat Reader.,fr,synthetic_tritux_v1
TRX-1375,Demande formation Excel avancé Problème reproduit sur 2 postes.,Souhait formation tableaux croisés. Captures d'écran disponibles.,other,low,Orienter catalogue formation Tritux.,fr,synthetic_tritux_v1
TRX-1286,Désactivation compte collaborateur sorti Depuis la dernière mise à jour Windows.,Offboarding: désactiver compte demain 18h. Aucun changement matériel de mon côté.,account,high,Checklist offboarding AD/M365.,fr,synthetic_tritux_v1
TRX-1368,Erreur NDR 5.7.1 Urgent pour une livraison client.,Envoi interne refusé avec NDR. Deadline aujourd'hui 17h.,email,medium,Permissions send-as / connector.,fr,synthetic_tritux_v1
TRX-1014,Pas d'accès Internet sur le poste Urgent pour une livraison client.,Plus de navigation web ni ping 8.8.8.8 depuis ce matin. Deadline aujourd'hui 17h.,network,high,"Vérifier câble/Wi-Fi, DHCP, proxy Tritux.",fr,synthetic_tritux_v1
TRX-1055,Perte de connexion après veille Merci de traiter rapidement.,"Après sleep Windows, plus de réseau jusqu'au reboot. Impact sur mon activité quotidienne.",network,medium,"Mettre à jour pilote NIC, désactiver energy saving.",fr,synthetic_tritux_v1
TRX-1075,Alerte antivirus malware détecté Problème reproduit sur 2 postes.,Windows Defender a mis en quarantaine un fichier.exe téléchargé. Captures d'écran disponibles.,security,urgent,"Ne pas restaurer, scanner complet, isoler poste.",fr,synthetic_tritux_v1
TRX-1238,Ventilateur très bruyant Depuis la dernière mise à jour Windows.,PC surchauffe et throttle en réunion. Aucun changement matériel de mon côté.,hardware,medium,"Nettoyage poussière, paste thermique.",fr,synthetic_tritux_v1
TRX-1039,DNS ne résout pas les sites internes Problème reproduit sur 2 postes.,intranet.tritux.local ne répond pas. Captures d'écran disponibles.,network,high,"Pointer DNS vers contrôleurs Tritux, flushdns.",fr,synthetic_tritux_v1
TRX-1278,Changement de nom suite mariage Urgent pour une livraison client.,Mettre à jour display name et email. Deadline aujourd'hui 17h.,account,low,Ticket identité + sync HRIS.,fr,synthetic_tritux_v1
TRX-1358,Règle de redirection suspecte Depuis la dernière mise à jour Windows.,Mails forward auto vers externe. Aucun changement matériel de mon côté.,email,urgent,"Supprimer règle, reset MDP, audit.",fr,synthetic_tritux_v1
TRX-1323,Pièces jointes bloquées En télétravail uniquement.,PDF > 10 Mo refusés à l'envoi. Sur site le problème n'apparaît pas.,email,medium,"Utiliser OneDrive link, quota PJ.",fr,synthetic_tritux_v1
TRX-1369,Erreur NDR 5.7.1 Problème reproduit sur 2 postes.,Envoi interne refusé avec NDR. Captures d'écran disponibles.,email,medium,Permissions send-as / connector.,fr,synthetic_tritux_v1
TRX-1251,Casque audio crackle En télétravail uniquement.,Bruits parasites sur casque USB. Sur site le problème n'apparaît pas.,hardware,low,"Changer port USB, pilote audio.",fr,synthetic_tritux_v1
TRX-1099,Ransomware suspicion fichiers chiffrés Problème reproduit sur 2 postes.,Extensions .locked apparues sur mon dossier Documents. Captures d'écran disponibles.,security,urgent,"Débrancher réseau immédiatement, alerter SOC.",fr,synthetic_tritux_v1
TRX-1272,Droits accès SharePoint manquants Urgent pour une livraison client.,Pas d'accès au site projet Alpha. Deadline aujourd'hui 17h.,account,medium,Ajouter au groupe Azure AD du site.,fr,synthetic_tritux_v1
TRX-1097,Ransomware suspicion fichiers chiffrés Merci de traiter rapidement.,Extensions .locked apparues sur mon dossier Documents. Impact sur mon activité quotidienne.,security,urgent,"Débrancher réseau immédiatement, alerter SOC.",fr,synthetic_tritux_v1
TRX-1154,VS Code extensions manquantes Depuis la dernière mise à jour Windows.,Environnement de dév incomplet après reset poste. Aucun changement matériel de mon côté.,software,low,Réinstaller pack extensions Tritux.,fr,synthetic_tritux_v1
TRX-1178,Navigateur Chrome très lent Depuis la dernière mise à jour Windows.,"Onglets se figent, utilisation CPU élevée. Aucun changement matériel de mon côté.",software,medium,"Désactiver extensions, clear cache.",fr,synthetic_tritux_v1
TRX-1344,Calendrier Teams non synchronisé Urgent pour une livraison client.,RDV Outlook absents de Teams. Deadline aujourd'hui 17h.,email,medium,Repair sync M365 calendar.,fr,synthetic_tritux_v1
TRX-1353,Quota boîte mail saturé En télétravail uniquement.,"Impossible de recevoir, 99 Go utilisés. Sur site le problème n'apparaît pas.",email,medium,Archivage online + purge.,fr,synthetic_tritux_v1
TRX-1262,Compte verrouillé après tentatives Depuis la dernière mise à jour Windows.,"Trop d'échecs de connexion, compte lock. Aucun changement matériel de mon côté.",account,high,Unlock Active Directory / Azure AD.,fr,synthetic_tritux_v1
TRX-1203,Clavier certain touches mortes En télétravail uniquement.,Touches E et R ne répondent plus. Sur site le problème n'apparaît pas.,hardware,low,Nettoyage / remplacement clavier.,fr,synthetic_tritux_v1
TRX-1254,Mot de passe SSO expiré Urgent pour une livraison client.,"Impossible de se connecter, MDP expiré. Deadline aujourd'hui 17h.",account,high,Reset via self-service ou agent identité.,fr,synthetic_tritux_v1
TRX-1419,Câble réseau coupé open-space - besoin aide,Poste voisin aussi offline. Occurrence #2.,network,medium,Vérifier switch étage.,fr,synthetic_tritux_v1
TRX-1206,Souris sans fil se déconnecte Urgent pour une livraison client.,Dongle Logitech instable. Deadline aujourd'hui 17h.,hardware,low,"Changer piles, port USB, réappairage.",fr,synthetic_tritux_v1
TRX-1371,Erreur NDR 5.7.1 En télétravail uniquement.,Envoi interne refusé avec NDR. Sur site le problème n'apparaît pas.,email,medium,Permissions send-as / connector.,fr,synthetic_tritux_v1
TRX-1406,Imprimante imprime des pages blanches,Toner semble OK mais sorties blanches.,hardware,low,"Tambour/toner, test page.",fr,synthetic_tritux_v1
TRX-1201,Clavier certain touches mortes Problème reproduit sur 2 postes.,Touches E et R ne répondent plus. Captures d'écran disponibles.,hardware,low,Nettoyage / remplacement clavier.,fr,synthetic_tritux_v1
TRX-1439,Mailing list projet à créer - besoin aide,Créer liste projet-nova@tritux.com. Occurrence #2.,email,low,Créer DL Exchange.,fr,synthetic_tritux_v1
TRX-1179,Navigateur Chrome très lent En télétravail uniquement.,"Onglets se figent, utilisation CPU élevée. Sur site le problème n'apparaît pas.",software,medium,"Désactiver extensions, clear cache.",fr,synthetic_tritux_v1
TRX-1253,Mot de passe SSO expiré Merci de traiter rapidement.,"Impossible de se connecter, MDP expiré. Impact sur mon activité quotidienne.",account,high,Reset via self-service ou agent identité.,fr,synthetic_tritux_v1
TRX-1113,Certificat SSL invalide sur portail En télétravail uniquement.,Navigateur indique certificat non fiable. Sur site le problème n'apparaît pas.,security,high,Vérifier horloge système et certificat serveur.,fr,synthetic_tritux_v1
TRX-1019,Wi-Fi instable au 3ème étage Merci de traiter rapidement.,Le réseau sans fil coupe souvent dans la salle réunion B. Impact sur mon activité quotidienne.,network,medium,"Reset borne AP, vérifier couverture et canaux.",fr,synthetic_tritux_v1
TRX-1329,Signature email à mettre à jour En télétravail uniquement.,Nouvelle signature corporate manquante. Sur site le problème n'apparaît pas.,email,low,Déployer signature centralisée.,fr,synthetic_tritux_v1
TRX-1118,Demande d'audit des accès partage Depuis la dernière mise à jour Windows.,Besoin de revoir qui a accès au dossier RH. Aucun changement matériel de mon côté.,security,medium,Exporter ACL et valider avec Data Owner.,fr,synthetic_tritux_v1
TRX-1333,Boîte partagée inaccessible Problème reproduit sur 2 postes.,support@tritux.com non visible. Captures d'écran disponibles.,email,medium,Droits FullAccess mailbox.,fr,synthetic_tritux_v1
TRX-1307,Profil Windows corrompu Merci de traiter rapidement.,Impossible de charger le profil local. Impact sur mon activité quotidienne.,account,high,"Nouveau profil temporaire, migration data.",fr,synthetic_tritux_v1
TRX-1241,Dock USB-C non détecté Merci de traiter rapidement.,Écrans externes ne s'allument plus via dock. Impact sur mon activité quotidienne.,hardware,medium,"MAJ firmware dock, tester autre câble.",fr,synthetic_tritux_v1
TRX-1420,Câble réseau coupé open-space,Poste voisin aussi offline. Occurrence #3.,network,medium,Vérifier switch étage.,fr,synthetic_tritux_v1
TRX-1435,Écran bleu BSOD intermittent - besoin aide,BSOD DRIVER_IRQL après dock. Occurrence #2.,hardware,high,MAJ chipset/dock drivers.,fr,synthetic_tritux_v1
TRX-1414,Faux positif antivirus,Logiciel métier bloqué à tort.,security,medium,Whitelist contrôlée après analyse.,fr,synthetic_tritux_v1
TRX-1192,Écran secondaire scintille,Moniteur HDMI scintille via dock USB-C.,hardware,low,"Tester câble, port, MAJ GPU.",fr,synthetic_tritux_v1
TRX-1392,Question politique télétravail Urgent pour une livraison client.,Jours autorisés hors site? Deadline aujourd'hui 17h.,other,low,Consulter RH / intranet.,fr,synthetic_tritux_v1
TRX-1227,Imprimante bureau n'imprime pas En télétravail uniquement.,"Travaux en file d'attente, status offline. Sur site le problème n'apparaît pas.",hardware,medium,"Redémarrer spooler, vérifier IP imprimante.",fr,synthetic_tritux_v1
TRX-1027,Impossible d'accéder au partage réseau Problème reproduit sur 2 postes.,"\\tritux-fs01\projets inaccessible, erreur d'accès refusé. Captures d'écran disponibles.",network,medium,Vérifier droits SMB et VPN si hors site.,fr,synthetic_tritux_v1
TRX-1224,Imprimante bureau n'imprime pas Urgent pour une livraison client.,"Travaux en file d'attente, status offline. Deadline aujourd'hui 17h.",hardware,medium,"Redémarrer spooler, vérifier IP imprimante.",fr,synthetic_tritux_v1
TRX-1103,Lien suspect dans Teams Merci de traiter rapidement.,Collègue a collé un lien raccourci douteux. Impact sur mon activité quotidienne.,security,high,"Ne pas ouvrir, signaler au SOC Tritux.",fr,synthetic_tritux_v1
TRX-1213,Batterie PC portable se décharge vite Problème reproduit sur 2 postes.,Autonomie < 1h alors que neuve il y a 2 ans. Captures d'écran disponibles.,hardware,medium,"Diagnostic batterie, remplacement si usée.",fr,synthetic_tritux_v1
TRX-1025,Impossible d'accéder au partage réseau Merci de traiter rapidement.,"\\tritux-fs01\projets inaccessible, erreur d'accès refusé. Impact sur mon activité quotidienne.",network,medium,Vérifier droits SMB et VPN si hors site.,fr,synthetic_tritux_v1
TRX-1297,Double authentification à configurer Problème reproduit sur 2 postes.,Onboarding: activer MFA obligatoire. Captures d'écran disponibles.,account,medium,Guide enrollment Authenticator.,fr,synthetic_tritux_v1
TRX-1167,OneDrive synchronisation bloquée En télétravail uniquement.,"Icône rouge, fichiers hors ligne non sync. Sur site le problème n'apparaît pas.",software,medium,"Reset OneDrive, espace disque, droits.",fr,synthetic_tritux_v1
TRX-1396,Suggestion amélioration helpdesk,Ajouter FAQ visible avant ticket.,other,low,Remonter product owner.,fr,synthetic_tritux_v1
TRX-1418,Câble réseau coupé open-space,Poste voisin aussi offline.,network,medium,Vérifier switch étage.,fr,synthetic_tritux_v1
TRX-1415,Faux positif antivirus - besoin aide,Logiciel métier bloqué à tort. Occurrence #2.,security,medium,Whitelist contrôlée après analyse.,fr,synthetic_tritux_v1
TRX-1105,Lien suspect dans Teams Problème reproduit sur 2 postes.,Collègue a collé un lien raccourci douteux. Captures d'écran disponibles.,security,high,"Ne pas ouvrir, signaler au SOC Tritux.",fr,synthetic_tritux_v1
TRX-1247,Casque audio crackle Merci de traiter rapidement.,Bruits parasites sur casque USB. Impact sur mon activité quotidienne.,hardware,low,"Changer port USB, pilote audio.",fr,synthetic_tritux_v1
TRX-1090,MFA ne fonctionne plus,Codes Authenticator incorrects pour la connexion Office.,security,high,Resynchroniser MFA / réenregistrer appareil.,fr,synthetic_tritux_v1
TRX-1398,Suggestion amélioration helpdesk Urgent pour une livraison client.,Ajouter FAQ visible avant ticket. Deadline aujourd'hui 17h.,other,low,Remonter product owner.,fr,synthetic_tritux_v1
TRX-1168,PowerPoint police manquante,Présentation avec polices non installées.,software,low,Installer polices corporate Tritux.,fr,synthetic_tritux_v1
TRX-1292,Accès VPN non provisionné Depuis la dernière mise à jour Windows.,Compte ok mais groupe VPN manquant. Aucun changement matériel de mon côté.,account,high,Ajouter au groupe VPN-Users.,fr,synthetic_tritux_v1
TRX-1306,Profil Windows corrompu,Impossible de charger le profil local.,account,high,"Nouveau profil temporaire, migration data.",fr,synthetic_tritux_v1
TRX-1048,Proxy bloque certains sites pro,Accès refusé via proxy pour un outil SaaS métier.,network,medium,Demander exception proxy / whitelist.,fr,synthetic_tritux_v1
TRX-1104,Lien suspect dans Teams Urgent pour une livraison client.,Collègue a collé un lien raccourci douteux. Deadline aujourd'hui 17h.,security,high,"Ne pas ouvrir, signaler au SOC Tritux.",fr,synthetic_tritux_v1
TRX-1196,Écran secondaire scintille Depuis la dernière mise à jour Windows.,Moniteur HDMI scintille via dock USB-C. Aucun changement matériel de mon côté.,hardware,low,"Tester câble, port, MAJ GPU.",fr,synthetic_tritux_v1
TRX-1062,Email de phishing suspect reçu Urgent pour une livraison client.,Mail demandant de saisir mon mot de passe SSO via un lien externe. Deadline aujourd'hui 17h.,security,urgent,"Ne pas cliquer, signaler phishing, reset MDP si cliqué.",fr,synthetic_tritux_v1
TRX-1121,Outlook ne démarre plus Merci de traiter rapidement.,Outlook plante au lancement avec erreur 0x8004010F. Impact sur mon activité quotidienne.,software,high,"Réparer Office, mode sans échec, nouveau profil.",fr,synthetic_tritux_v1
TRX-1147,Installation Docker Desktop bloquée Problème reproduit sur 2 postes.,"Besoin Docker pour le projet, droits insuffisants. Captures d'écran disponibles.",software,medium,Demande logiciel + validation sécurité.,fr,synthetic_tritux_v1
TRX-1146,Installation Docker Desktop bloquée Urgent pour une livraison client.,"Besoin Docker pour le projet, droits insuffisants. Deadline aujourd'hui 17h.",software,medium,Demande logiciel + validation sécurité.,fr,synthetic_tritux_v1
TRX-1266,Demande de création compte prestataire Urgent pour une livraison client.,Nouveau prestataire a besoin d'un accès mail. Deadline aujourd'hui 17h.,account,medium,Process onboarding RH + IT.,fr,synthetic_tritux_v1
TRX-1352,Quota boîte mail saturé Depuis la dernière mise à jour Windows.,"Impossible de recevoir, 99 Go utilisés. Aucun changement matériel de mon côté.",email,medium,Archivage online + purge.,fr,synthetic_tritux_v1
TRX-1326,Signature email à mettre à jour Urgent pour une livraison client.,Nouvelle signature corporate manquante. Deadline aujourd'hui 17h.,email,low,Déployer signature centralisée.,fr,synthetic_tritux_v1
TRX-1245,Dock USB-C non détecté En télétravail uniquement.,Écrans externes ne s'allument plus via dock. Sur site le problème n'apparaît pas.,hardware,medium,"MAJ firmware dock, tester autre câble.",fr,synthetic_tritux_v1
TRX-1124,Outlook ne démarre plus Depuis la dernière mise à jour Windows.,Outlook plante au lancement avec erreur 0x8004010F. Aucun changement matériel de mon côté.,software,high,"Réparer Office, mode sans échec, nouveau profil.",fr,synthetic_tritux_v1
TRX-1385,Demande inventaire matériel Merci de traiter rapidement.,Liste des assets de mon département. Impact sur mon activité quotidienne.,other,low,Extraire depuis CMDB / Intune.,fr,synthetic_tritux_v1
TRX-1378,Réservation salle réunion outil,Comment réserver la salle Innovate?,other,low,Utiliser Outlook room finder.,fr,synthetic_tritux_v1
TRX-1060,Email de phishing suspect reçu,Mail demandant de saisir mon mot de passe SSO via un lien externe.,security,urgent,"Ne pas cliquer, signaler phishing, reset MDP si cliqué.",fr,synthetic_tritux_v1
TRX-1131,Excel plante à l'ouverture d'un fichier En télétravail uniquement.,Fichier macro .xlsm provoque un crash Excel. Sur site le problème n'apparaît pas.,software,medium,"Ouvrir sans macro, réparer fichier, MAJ Office.",fr,synthetic_tritux_v1
TRX-1427,Demande accès GitLab - besoin aide,Nouveau développeur sans accès dépôt. Occurrence #2.,account,medium,Ajouter groupe gitlab-devs.,fr,synthetic_tritux_v1
TRX-1084,USB non autorisé bloqué,Clé USB refusée par la politique de sécurité.,security,low,"Utiliser OneDrive Tritux, demander exception SI.",fr,synthetic_tritux_v1
TRX-1008,VPN se déconnecte toutes les 10 minutes Urgent pour une livraison client.,"La session VPN tombe régulièrement, surtout sur Wi-Fi public. Deadline aujourd'hui 17h.",network,high,"Stabiliser la session: keepalive, MTU, éviter captive portal.",fr,synthetic_tritux_v1
TRX-1017,Pas d'accès Internet sur le poste En télétravail uniquement.,Plus de navigation web ni ping 8.8.8.8 depuis ce matin. Sur site le problème n'apparaît pas.,network,high,"Vérifier câble/Wi-Fi, DHCP, proxy Tritux.",fr,synthetic_tritux_v1
TRX-1220,PC ne démarre plus Depuis la dernière mise à jour Windows.,"Écran noir au power on, ventilateurs tournent. Aucun changement matériel de mon côté.",hardware,high,"Tester RAM/écran externe, atelier.",fr,synthetic_tritux_v1
TRX-1424,Erreur OneNote sync,Bloc-notes ne se synchronise plus. Occurrence #3.,software,low,Repair OneNote / Sign-out.,fr,synthetic_tritux_v1
TRX-1328,Signature email à mettre à jour Depuis la dernière mise à jour Windows.,Nouvelle signature corporate manquante. Aucun changement matériel de mon côté.,email,low,Déployer signature centralisée.,fr,synthetic_tritux_v1
TRX-1403,Reset mot de passe oublié - besoin aide,J'ai oublié mon mot de passe Windows et Office. Occurrence #2.,account,high,Self-service reset SSO.,fr,synthetic_tritux_v1
TRX-1018,Wi-Fi instable au 3ème étage,Le réseau sans fil coupe souvent dans la salle réunion B.,network,medium,"Reset borne AP, vérifier couverture et canaux.",fr,synthetic_tritux_v1
TRX-1284,Désactivation compte collaborateur sorti Urgent pour une livraison client.,Offboarding: désactiver compte demain 18h. Deadline aujourd'hui 17h.,account,high,Checklist offboarding AD/M365.,fr,synthetic_tritux_v1
TRX-1305,Alias email non reçu En télétravail uniquement.,L'alias prenom.nom2 n'arrive pas. Sur site le problème n'apparaît pas.,account,medium,Vérifier proxyAddresses Exchange.,fr,synthetic_tritux_v1
TRX-1319,Pièces jointes bloquées Merci de traiter rapidement.,PDF > 10 Mo refusés à l'envoi. Impact sur mon activité quotidienne.,email,medium,"Utiliser OneDrive link, quota PJ.",fr,synthetic_tritux_v1
TRX-1293,Accès VPN non provisionné En télétravail uniquement.,Compte ok mais groupe VPN manquant. Sur site le problème n'apparaît pas.,account,high,Ajouter au groupe VPN-Users.,fr,synthetic_tritux_v1
TRX-1141,Word affiche document corrompu Problème reproduit sur 2 postes.,Impossible d'ouvrir mon rapport.docx. Captures d'écran disponibles.,software,medium,Récupération Word / versions OneDrive.,fr,synthetic_tritux_v1
TRX-1288,Accès VPN non provisionné,Compte ok mais groupe VPN manquant.,account,high,Ajouter au groupe VPN-Users.,fr,synthetic_tritux_v1
TRX-1294,Double authentification à configurer,Onboarding: activer MFA obligatoire.,account,medium,Guide enrollment Authenticator.,fr,synthetic_tritux_v1
TRX-1086,USB non autorisé bloqué Urgent pour une livraison client.,Clé USB refusée par la politique de sécurité. Deadline aujourd'hui 17h.,security,low,"Utiliser OneDrive Tritux, demander exception SI.",fr,synthetic_tritux_v1
TRX-1335,Boîte partagée inaccessible En télétravail uniquement.,support@tritux.com non visible. Sur site le problème n'apparaît pas.,email,medium,Droits FullAccess mailbox.,fr,synthetic_tritux_v1
TRX-1267,Demande de création compte prestataire Problème reproduit sur 2 postes.,Nouveau prestataire a besoin d'un accès mail. Captures d'écran disponibles.,account,medium,Process onboarding RH + IT.,fr,synthetic_tritux_v1
TRX-1383,Réservation salle réunion outil En télétravail uniquement.,Comment réserver la salle Innovate? Sur site le problème n'apparaît pas.,other,low,Utiliser Outlook room finder.,fr,synthetic_tritux_v1
TRX-1030,Latence élevée sur Teams,Appels Teams avec décalage audio important.,network,medium,"Tester bande passante, QoS, fermer VPN split tunnel.",fr,synthetic_tritux_v1
TRX-1115,Demande d'audit des accès partage Merci de traiter rapidement.,Besoin de revoir qui a accès au dossier RH. Impact sur mon activité quotidienne.,security,medium,Exporter ACL et valider avec Data Owner.,fr,synthetic_tritux_v1
TRX-1132,Teams ne rejoint pas les réunions,"Bouton Rejoindre grisé, erreur média.",software,medium,"Clear cache Teams, réinstaller client.",fr,synthetic_tritux_v1
TRX-1230,Webcam intégrée noire Urgent pour une livraison client.,Caméra allumée mais image noire dans Teams. Deadline aujourd'hui 17h.,hardware,medium,"Réinstaller pilote caméra, privacy settings.",fr,synthetic_tritux_v1
TRX-1350,Quota boîte mail saturé Urgent pour une livraison client.,"Impossible de recevoir, 99 Go utilisés. Deadline aujourd'hui 17h.",email,medium,Archivage online + purge.,fr,synthetic_tritux_v1
TRX-1095,MFA ne fonctionne plus En télétravail uniquement.,Codes Authenticator incorrects pour la connexion Office. Sur site le problème n'apparaît pas.,security,high,Resynchroniser MFA / réenregistrer appareil.,fr,synthetic_tritux_v1
TRX-1370,Erreur NDR 5.7.1 Depuis la dernière mise à jour Windows.,Envoi interne refusé avec NDR. Aucun changement matériel de mon côté.,email,medium,Permissions send-as / connector.,fr,synthetic_tritux_v1
TRX-1171,PowerPoint police manquante Problème reproduit sur 2 postes.,Présentation avec polices non installées. Captures d'écran disponibles.,software,low,Installer polices corporate Tritux.,fr,synthetic_tritux_v1
TRX-1102,Lien suspect dans Teams,Collègue a collé un lien raccourci douteux.,security,high,"Ne pas ouvrir, signaler au SOC Tritux.",fr,synthetic_tritux_v1
TRX-1399,Suggestion amélioration helpdesk Problème reproduit sur 2 postes.,Ajouter FAQ visible avant ticket. Captures d'écran disponibles.,other,low,Remonter product owner.,fr,synthetic_tritux_v1
TRX-1182,Erreur licence Office 365 Urgent pour une livraison client.,Produit non licencié après changement de poste. Deadline aujourd'hui 17h.,software,high,Réactiver licence via compte Tritux.,fr,synthetic_tritux_v1
TRX-1365,Distribution list non à jour En télétravail uniquement.,Liste all-staff contient anciens employés. Sur site le problème n'apparaît pas.,email,low,Sync HR + nettoyage DL.,fr,synthetic_tritux_v1
TRX-1397,Suggestion amélioration helpdesk Merci de traiter rapidement.,Ajouter FAQ visible avant ticket. Impact sur mon activité quotidienne.,other,low,Remonter product owner.,fr,synthetic_tritux_v1
TRX-1386,Demande inventaire matériel Urgent pour une livraison client.,Liste des assets de mon département. Deadline aujourd'hui 17h.,other,low,Extraire depuis CMDB / Intune.,fr,synthetic_tritux_v1
TRX-1382,Réservation salle réunion outil Depuis la dernière mise à jour Windows.,Comment réserver la salle Innovate? Aucun changement matériel de mon côté.,other,low,Utiliser Outlook room finder.,fr,synthetic_tritux_v1
TRX-1342,Calendrier Teams non synchronisé,RDV Outlook absents de Teams.,email,medium,Repair sync M365 calendar.,fr,synthetic_tritux_v1
TRX-1237,Ventilateur très bruyant Problème reproduit sur 2 postes.,PC surchauffe et throttle en réunion. Captures d'écran disponibles.,hardware,medium,"Nettoyage poussière, paste thermique.",fr,synthetic_tritux_v1
TRX-1412,Connexion SSO lente,Login Azure AD prend plus de 2 minutes. Occurrence #3.,account,medium,Vérifier réseau et MFA latency.,fr,synthetic_tritux_v1
TRX-1246,Casque audio crackle,Bruits parasites sur casque USB.,hardware,low,"Changer port USB, pilote audio.",fr,synthetic_tritux_v1
TRX-1341,Mails partent en spam chez clients En télétravail uniquement.,Plaintes SPF/DKIM fail. Sur site le problème n'apparaît pas.,email,high,Vérifier enregistrements DNS mail.,fr,synthetic_tritux_v1
TRX-1155,VS Code extensions manquantes En télétravail uniquement.,Environnement de dév incomplet après reset poste. Sur site le problème n'apparaît pas.,software,low,Réinstaller pack extensions Tritux.,fr,synthetic_tritux_v1
TRX-1223,Imprimante bureau n'imprime pas Merci de traiter rapidement.,"Travaux en file d'attente, status offline. Impact sur mon activité quotidienne.",hardware,medium,"Redémarrer spooler, vérifier IP imprimante.",fr,synthetic_tritux_v1
TRX-1322,Pièces jointes bloquées Depuis la dernière mise à jour Windows.,PDF > 10 Mo refusés à l'envoi. Aucun changement matériel de mon côté.,email,medium,"Utiliser OneDrive link, quota PJ.",fr,synthetic_tritux_v1
TRX-1067,Compte potentiellement compromis Merci de traiter rapidement.,Connexions inhabituelles depuis l'étranger dans les logs. Impact sur mon activité quotidienne.,security,urgent,"Révoquer sessions, reset MDP, MFA obligatoire.",fr,synthetic_tritux_v1
TRX-1042,Câble RJ45 défectueux poste finance,"Lien ethernet down, LED orange éteinte.",network,low,Remplacer câble et tester port switch.,fr,synthetic_tritux_v1
TRX-1437,Écran bleu BSOD intermittent - besoin aide,BSOD DRIVER_IRQL après dock. Occurrence #4.,hardware,high,MAJ chipset/dock drivers.,fr,synthetic_tritux_v1
TRX-1242,Dock USB-C non détecté Urgent pour une livraison client.,Écrans externes ne s'allument plus via dock. Deadline aujourd'hui 17h.,hardware,medium,"MAJ firmware dock, tester autre câble.",fr,synthetic_tritux_v1
TRX-1243,Dock USB-C non détecté Problème reproduit sur 2 postes.,Écrans externes ne s'allument plus via dock. Captures d'écran disponibles.,hardware,medium,"MAJ firmware dock, tester autre câble.",fr,synthetic_tritux_v1
TRX-1065,Email de phishing suspect reçu En télétravail uniquement.,Mail demandant de saisir mon mot de passe SSO via un lien externe. Sur site le problème n'apparaît pas.,security,urgent,"Ne pas cliquer, signaler phishing, reset MDP si cliqué.",fr,synthetic_tritux_v1
TRX-1064,Email de phishing suspect reçu Depuis la dernière mise à jour Windows.,Mail demandant de saisir mon mot de passe SSO via un lien externe. Aucun changement matériel de mon côté.,security,urgent,"Ne pas cliquer, signaler phishing, reset MDP si cliqué.",fr,synthetic_tritux_v1
TRX-1372,Demande formation Excel avancé,Souhait formation tableaux croisés.,other,low,Orienter catalogue formation Tritux.,fr,synthetic_tritux_v1
TRX-1248,Casque audio crackle Urgent pour une livraison client.,Bruits parasites sur casque USB. Deadline aujourd'hui 17h.,hardware,low,"Changer port USB, pilote audio.",fr,synthetic_tritux_v1
TRX-1043,Câble RJ45 défectueux poste finance Merci de traiter rapidement.,"Lien ethernet down, LED orange éteinte. Impact sur mon activité quotidienne.",network,low,Remplacer câble et tester port switch.,fr,synthetic_tritux_v1
TRX-1367,Erreur NDR 5.7.1 Merci de traiter rapidement.,Envoi interne refusé avec NDR. Impact sur mon activité quotidienne.,email,medium,Permissions send-as / connector.,fr,synthetic_tritux_v1
TRX-1123,Outlook ne démarre plus Problème reproduit sur 2 postes.,Outlook plante au lancement avec erreur 0x8004010F. Captures d'écran disponibles.,software,high,"Réparer Office, mode sans échec, nouveau profil.",fr,synthetic_tritux_v1
TRX-1029,Impossible d'accéder au partage réseau En télétravail uniquement.,"\\tritux-fs01\projets inaccessible, erreur d'accès refusé. Sur site le problème n'apparaît pas.",network,medium,Vérifier droits SMB et VPN si hors site.,fr,synthetic_tritux_v1
TRX-1122,Outlook ne démarre plus Urgent pour une livraison client.,Outlook plante au lancement avec erreur 0x8004010F. Deadline aujourd'hui 17h.,software,high,"Réparer Office, mode sans échec, nouveau profil.",fr,synthetic_tritux_v1
TRX-1157,Adobe Reader ne s'ouvre pas Merci de traiter rapidement.,PDF s'ouvre dans le navigateur uniquement. Impact sur mon activité quotidienne.,software,low,Réparer/réinstaller Acrobat Reader.,fr,synthetic_tritux_v1
TRX-1312,Mails n'arrivent plus en réception,"Boîte vide depuis hier, envoi OK.",email,high,"Règles Outlook, quarantaine, MX.",fr,synthetic_tritux_v1
TRX-1289,Accès VPN non provisionné Merci de traiter rapidement.,Compte ok mais groupe VPN manquant. Impact sur mon activité quotidienne.,account,high,Ajouter au groupe VPN-Users.,fr,synthetic_tritux_v1
TRX-1009,VPN se déconnecte toutes les 10 minutes Problème reproduit sur 2 postes.,"La session VPN tombe régulièrement, surtout sur Wi-Fi public. Captures d'écran disponibles.",network,high,"Stabiliser la session: keepalive, MTU, éviter captive portal.",fr,synthetic_tritux_v1
TRX-1250,Casque audio crackle Depuis la dernière mise à jour Windows.,Bruits parasites sur casque USB. Aucun changement matériel de mon côté.,hardware,low,"Changer port USB, pilote audio.",fr,synthetic_tritux_v1
TRX-1165,OneDrive synchronisation bloquée Problème reproduit sur 2 postes.,"Icône rouge, fichiers hors ligne non sync. Captures d'écran disponibles.",software,medium,"Reset OneDrive, espace disque, droits.",fr,synthetic_tritux_v1
TRX-1000,Impossible de se connecter au VPN,Erreur 'connexion VPN échouée' depuis le télétravail. Client OpenVPN à jour.,network,high,"Vérifier certificat VPN, DNS et firewall.",fr,synthetic_tritux_v1
TRX-1271,Droits accès SharePoint manquants Merci de traiter rapidement.,Pas d'accès au site projet Alpha. Impact sur mon activité quotidienne.,account,medium,Ajouter au groupe Azure AD du site.,fr,synthetic_tritux_v1
TRX-1082,Demande de droits admin local Depuis la dernière mise à jour Windows.,"Besoin d'installer un outil, UAC bloque l'installation. Aucun changement matériel de mon côté.",security,medium,"Évaluer besoin, déploiement via Intune si validé.",fr,synthetic_tritux_v1
TRX-1191,Zoom / Teams conflit audio En télétravail uniquement.,Micro non détecté pendant réunion. Sur site le problème n'apparaît pas.,software,medium,Permissions Windows privacy + périphérique défaut.,fr,synthetic_tritux_v1
TRX-1304,Alias email non reçu Depuis la dernière mise à jour Windows.,L'alias prenom.nom2 n'arrive pas. Aucun changement matériel de mon côté.,account,medium,Vérifier proxyAddresses Exchange.,fr,synthetic_tritux_v1
TRX-1416,Faux positif antivirus,Logiciel métier bloqué à tort. Occurrence #3.,security,medium,Whitelist contrôlée après analyse.,fr,synthetic_tritux_v1
TRX-1280,Changement de nom suite mariage Depuis la dernière mise à jour Windows.,Mettre à jour display name et email. Aucun changement matériel de mon côté.,account,low,Ticket identité + sync HRIS.,fr,synthetic_tritux_v1
TRX-1152,VS Code extensions manquantes Urgent pour une livraison client.,Environnement de dév incomplet après reset poste. Deadline aujourd'hui 17h.,software,low,Réinstaller pack extensions Tritux.,fr,synthetic_tritux_v1
TRX-1054,Perte de connexion après veille,"Après sleep Windows, plus de réseau jusqu'au reboot.",network,medium,"Mettre à jour pilote NIC, désactiver energy saving.",fr,synthetic_tritux_v1
TRX-1259,Compte verrouillé après tentatives Merci de traiter rapidement.,"Trop d'échecs de connexion, compte lock. Impact sur mon activité quotidienne.",account,high,Unlock Active Directory / Azure AD.,fr,synthetic_tritux_v1
TRX-1091,MFA ne fonctionne plus Merci de traiter rapidement.,Codes Authenticator incorrects pour la connexion Office. Impact sur mon activité quotidienne.,security,high,Resynchroniser MFA / réenregistrer appareil.,fr,synthetic_tritux_v1
TRX-1256,Mot de passe SSO expiré Depuis la dernière mise à jour Windows.,"Impossible de se connecter, MDP expiré. Aucun changement matériel de mon côté.",account,high,Reset via self-service ou agent identité.,fr,synthetic_tritux_v1
TRX-1317,Mails n'arrivent plus en réception En télétravail uniquement.,"Boîte vide depuis hier, envoi OK. Sur site le problème n'apparaît pas.",email,high,"Règles Outlook, quarantaine, MX.",fr,synthetic_tritux_v1
TRX-1001,Impossible de se connecter au VPN Merci de traiter rapidement.,Erreur 'connexion VPN échouée' depuis le télétravail. Client OpenVPN à jour. Impact sur mon activité quotidienne.,network,high,"Vérifier certificat VPN, DNS et firewall.",fr,synthetic_tritux_v1
TRX-1362,Distribution list non à jour Urgent pour une livraison client.,Liste all-staff contient anciens employés. Deadline aujourd'hui 17h.,email,low,Sync HR + nettoyage DL.,fr,synthetic_tritux_v1
TRX-1080,Demande de droits admin local Urgent pour une livraison client.,"Besoin d'installer un outil, UAC bloque l'installation. Deadline aujourd'hui 17h.",security,medium,"Évaluer besoin, déploiement via Intune si validé.",fr,synthetic_tritux_v1
TRX-1222,Imprimante bureau n'imprime pas,"Travaux en file d'attente, status offline.",hardware,medium,"Redémarrer spooler, vérifier IP imprimante.",fr,synthetic_tritux_v1
TRX-1430,Alerte connexion RDP inhabituelle,Tentative RDP hors heures.,security,urgent,"Bloquer IP, audit compte.",fr,synthetic_tritux_v1
TRX-1440,Mailing list projet à créer,Créer liste projet-nova@tritux.com. Occurrence #3.,email,low,Créer DL Exchange.,fr,synthetic_tritux_v1
TRX-1401,Suggestion amélioration helpdesk En télétravail uniquement.,Ajouter FAQ visible avant ticket. Sur site le problème n'apparaît pas.,other,low,Remonter product owner.,fr,synthetic_tritux_v1
TRX-1354,Règle de redirection suspecte,Mails forward auto vers externe.,email,urgent,"Supprimer règle, reset MDP, audit.",fr,synthetic_tritux_v1
TRX-1384,Demande inventaire matériel,Liste des assets de mon département.,other,low,Extraire depuis CMDB / Intune.,fr,synthetic_tritux_v1
TRX-1058,Perte de connexion après veille Depuis la dernière mise à jour Windows.,"Après sleep Windows, plus de réseau jusqu'au reboot. Aucun changement matériel de mon côté.",network,medium,"Mettre à jour pilote NIC, désactiver energy saving.",fr,synthetic_tritux_v1
TRX-1005,Impossible de se connecter au VPN En télétravail uniquement.,Erreur 'connexion VPN échouée' depuis le télétravail. Client OpenVPN à jour. Sur site le problème n'apparaît pas.,network,high,"Vérifier certificat VPN, DNS et firewall.",fr,synthetic_tritux_v1
TRX-1283,Désactivation compte collaborateur sorti Merci de traiter rapidement.,Offboarding: désactiver compte demain 18h. Impact sur mon activité quotidienne.,account,high,Checklist offboarding AD/M365.,fr,synthetic_tritux_v1
TRX-1128,Excel plante à l'ouverture d'un fichier Urgent pour une livraison client.,Fichier macro .xlsm provoque un crash Excel. Deadline aujourd'hui 17h.,software,medium,"Ouvrir sans macro, réparer fichier, MAJ Office.",fr,synthetic_tritux_v1
TRX-1270,Droits accès SharePoint manquants,Pas d'accès au site projet Alpha.,account,medium,Ajouter au groupe Azure AD du site.,fr,synthetic_tritux_v1
TRX-1239,Ventilateur très bruyant En télétravail uniquement.,PC surchauffe et throttle en réunion. Sur site le problème n'apparaît pas.,hardware,medium,"Nettoyage poussière, paste thermique.",fr,synthetic_tritux_v1
TRX-1195,Écran secondaire scintille Problème reproduit sur 2 postes.,Moniteur HDMI scintille via dock USB-C. Captures d'écran disponibles.,hardware,low,"Tester câble, port, MAJ GPU.",fr,synthetic_tritux_v1
TRX-1197,Écran secondaire scintille En télétravail uniquement.,Moniteur HDMI scintille via dock USB-C. Sur site le problème n'apparaît pas.,hardware,low,"Tester câble, port, MAJ GPU.",fr,synthetic_tritux_v1
TRX-1032,Latence élevée sur Teams Urgent pour une livraison client.,Appels Teams avec décalage audio important. Deadline aujourd'hui 17h.,network,medium,"Tester bande passante, QoS, fermer VPN split tunnel.",fr,synthetic_tritux_v1
TRX-1402,Reset mot de passe oublié,J'ai oublié mon mot de passe Windows et Office.,account,high,Self-service reset SSO.,fr,synthetic_tritux_v1
TRX-1404,Reset mot de passe oublié,J'ai oublié mon mot de passe Windows et Office. Occurrence #3.,account,high,Self-service reset SSO.,fr,synthetic_tritux_v1
TRX-1078,Demande de droits admin local,"Besoin d'installer un outil, UAC bloque l'installation.",security,medium,"Évaluer besoin, déploiement via Intune si validé.",fr,synthetic_tritux_v1
TRX-1056,Perte de connexion après veille Urgent pour une livraison client.,"Après sleep Windows, plus de réseau jusqu'au reboot. Deadline aujourd'hui 17h.",network,medium,"Mettre à jour pilote NIC, désactiver energy saving.",fr,synthetic_tritux_v1
TRX-1024,Impossible d'accéder au partage réseau,"\\tritux-fs01\projets inaccessible, erreur d'accès refusé.",network,medium,Vérifier droits SMB et VPN si hors site.,fr,synthetic_tritux_v1
TRX-1046,Câble RJ45 défectueux poste finance Depuis la dernière mise à jour Windows.,"Lien ethernet down, LED orange éteinte. Aucun changement matériel de mon côté.",network,low,Remplacer câble et tester port switch.,fr,synthetic_tritux_v1
TRX-1252,Mot de passe SSO expiré,"Impossible de se connecter, MDP expiré.",account,high,Reset via self-service ou agent identité.,fr,synthetic_tritux_v1
TRX-1260,Compte verrouillé après tentatives Urgent pour une livraison client.,"Trop d'échecs de connexion, compte lock. Deadline aujourd'hui 17h.",account,high,Unlock Active Directory / Azure AD.,fr,synthetic_tritux_v1
TRX-1070,Compte potentiellement compromis Depuis la dernière mise à jour Windows.,Connexions inhabituelles depuis l'étranger dans les logs. Aucun changement matériel de mon côté.,security,urgent,"Révoquer sessions, reset MDP, MFA obligatoire.",fr,synthetic_tritux_v1
TRX-1339,Mails partent en spam chez clients Problème reproduit sur 2 postes.,Plaintes SPF/DKIM fail. Captures d'écran disponibles.,email,high,Vérifier enregistrements DNS mail.,fr,synthetic_tritux_v1
TRX-1376,Demande formation Excel avancé Depuis la dernière mise à jour Windows.,Souhait formation tableaux croisés. Aucun changement matériel de mon côté.,other,low,Orienter catalogue formation Tritux.,fr,synthetic_tritux_v1
TRX-1204,Souris sans fil se déconnecte,Dongle Logitech instable.,hardware,low,"Changer piles, port USB, réappairage.",fr,synthetic_tritux_v1
TRX-1298,Double authentification à configurer Depuis la dernière mise à jour Windows.,Onboarding: activer MFA obligatoire. Aucun changement matériel de mon côté.,account,medium,Guide enrollment Authenticator.,fr,synthetic_tritux_v1
TRX-1219,PC ne démarre plus Problème reproduit sur 2 postes.,"Écran noir au power on, ventilateurs tournent. Captures d'écran disponibles.",hardware,high,"Tester RAM/écran externe, atelier.",fr,synthetic_tritux_v1
TRX-1299,Double authentification à configurer En télétravail uniquement.,Onboarding: activer MFA obligatoire. Sur site le problème n'apparaît pas.,account,medium,Guide enrollment Authenticator.,fr,synthetic_tritux_v1
TRX-1134,Teams ne rejoint pas les réunions Urgent pour une livraison client.,"Bouton Rejoindre grisé, erreur média. Deadline aujourd'hui 17h.",software,medium,"Clear cache Teams, réinstaller client.",fr,synthetic_tritux_v1
TRX-1275,Droits accès SharePoint manquants En télétravail uniquement.,Pas d'accès au site projet Alpha. Sur site le problème n'apparaît pas.,account,medium,Ajouter au groupe Azure AD du site.,fr,synthetic_tritux_v1
TRX-1417,Faux positif antivirus - besoin aide,Logiciel métier bloqué à tort. Occurrence #4.,security,medium,Whitelist contrôlée après analyse.,fr,synthetic_tritux_v1
TRX-1126,Excel plante à l'ouverture d'un fichier,Fichier macro .xlsm provoque un crash Excel.,software,medium,"Ouvrir sans macro, réparer fichier, MAJ Office.",fr,synthetic_tritux_v1
TRX-1434,Écran bleu BSOD intermittent,BSOD DRIVER_IRQL après dock.,hardware,high,MAJ chipset/dock drivers.,fr,synthetic_tritux_v1
TRX-1405,Reset mot de passe oublié - besoin aide,J'ai oublié mon mot de passe Windows et Office. Occurrence #4.,account,high,Self-service reset SSO.,fr,synthetic_tritux_v1
TRX-1073,Alerte antivirus malware détecté Merci de traiter rapidement.,Windows Defender a mis en quarantaine un fichier.exe téléchargé. Impact sur mon activité quotidienne.,security,urgent,"Ne pas restaurer, scanner complet, isoler poste.",fr,synthetic_tritux_v1
TRX-1234,Ventilateur très bruyant,PC surchauffe et throttle en réunion.,hardware,medium,"Nettoyage poussière, paste thermique.",fr,synthetic_tritux_v1
TRX-1202,Clavier certain touches mortes Depuis la dernière mise à jour Windows.,Touches E et R ne répondent plus. Aucun changement matériel de mon côté.,hardware,low,Nettoyage / remplacement clavier.,fr,synthetic_tritux_v1
TRX-1255,Mot de passe SSO expiré Problème reproduit sur 2 postes.,"Impossible de se connecter, MDP expiré. Captures d'écran disponibles.",account,high,Reset via self-service ou agent identité.,fr,synthetic_tritux_v1
TRX-1330,Boîte partagée inaccessible,support@tritux.com non visible.,email,medium,Droits FullAccess mailbox.,fr,synthetic_tritux_v1
TRX-1334,Boîte partagée inaccessible Depuis la dernière mise à jour Windows.,support@tritux.com non visible. Aucun changement matériel de mon côté.,email,medium,Droits FullAccess mailbox.,fr,synthetic_tritux_v1
TRX-1290,Accès VPN non provisionné Urgent pour une livraison client.,Compte ok mais groupe VPN manquant. Deadline aujourd'hui 17h.,account,high,Ajouter au groupe VPN-Users.,fr,synthetic_tritux_v1
TRX-1108,Certificat SSL invalide sur portail,Navigateur indique certificat non fiable.,security,high,Vérifier horloge système et certificat serveur.,fr,synthetic_tritux_v1
TRX-1033,Latence élevée sur Teams Problème reproduit sur 2 postes.,Appels Teams avec décalage audio important. Captures d'écran disponibles.,network,medium,"Tester bande passante, QoS, fermer VPN split tunnel.",fr,synthetic_tritux_v1
TRX-1137,Teams ne rejoint pas les réunions En télétravail uniquement.,"Bouton Rejoindre grisé, erreur média. Sur site le problème n'apparaît pas.",software,medium,"Clear cache Teams, réinstaller client.",fr,synthetic_tritux_v1
TRX-1205,Souris sans fil se déconnecte Merci de traiter rapidement.,Dongle Logitech instable. Impact sur mon activité quotidienne.,hardware,low,"Changer piles, port USB, réappairage.",fr,synthetic_tritux_v1
TRX-1161,Adobe Reader ne s'ouvre pas En télétravail uniquement.,PDF s'ouvre dans le navigateur uniquement. Sur site le problème n'apparaît pas.,software,low,Réparer/réinstaller Acrobat Reader.,fr,synthetic_tritux_v1
TRX-1425,Erreur OneNote sync - besoin aide,Bloc-notes ne se synchronise plus. Occurrence #4.,software,low,Repair OneNote / Sign-out.,fr,synthetic_tritux_v1
TRX-1117,Demande d'audit des accès partage Problème reproduit sur 2 postes.,Besoin de revoir qui a accès au dossier RH. Captures d'écran disponibles.,security,medium,Exporter ACL et valider avec Data Owner.,fr,synthetic_tritux_v1
TRX-1028,Impossible d'accéder au partage réseau Depuis la dernière mise à jour Windows.,"\\tritux-fs01\projets inaccessible, erreur d'accès refusé. Aucun changement matériel de mon côté.",network,medium,Vérifier droits SMB et VPN si hors site.,fr,synthetic_tritux_v1
TRX-1166,OneDrive synchronisation bloquée Depuis la dernière mise à jour Windows.,"Icône rouge, fichiers hors ligne non sync. Aucun changement matériel de mon côté.",software,medium,"Reset OneDrive, espace disque, droits.",fr,synthetic_tritux_v1
TRX-1410,Connexion SSO lente,Login Azure AD prend plus de 2 minutes.,account,medium,Vérifier réseau et MFA latency.,fr,synthetic_tritux_v1
TRX-1285,Désactivation compte collaborateur sorti Problème reproduit sur 2 postes.,Offboarding: désactiver compte demain 18h. Captures d'écran disponibles.,account,high,Checklist offboarding AD/M365.,fr,synthetic_tritux_v1
TRX-1441,Mailing list projet à créer - besoin aide,Créer liste projet-nova@tritux.com. Occurrence #4.,email,low,Créer DL Exchange.,fr,synthetic_tritux_v1
TRX-1138,Word affiche document corrompu,Impossible d'ouvrir mon rapport.docx.,software,medium,Récupération Word / versions OneDrive.,fr,synthetic_tritux_v1
TRX-1364,Distribution list non à jour Depuis la dernière mise à jour Windows.,Liste all-staff contient anciens employés. Aucun changement matériel de mon côté.,email,low,Sync HR + nettoyage DL.,fr,synthetic_tritux_v1
TRX-1236,Ventilateur très bruyant Urgent pour une livraison client.,PC surchauffe et throttle en réunion. Deadline aujourd'hui 17h.,hardware,medium,"Nettoyage poussière, paste thermique.",fr,synthetic_tritux_v1
TRX-1413,Connexion SSO lente - besoin aide,Login Azure AD prend plus de 2 minutes. Occurrence #4.,account,medium,Vérifier réseau et MFA latency.,fr,synthetic_tritux_v1
TRX-1436,Écran bleu BSOD intermittent,BSOD DRIVER_IRQL après dock. Occurrence #3.,hardware,high,MAJ chipset/dock drivers.,fr,synthetic_tritux_v1
TRX-1273,Droits accès SharePoint manquants Problème reproduit sur 2 postes.,Pas d'accès au site projet Alpha. Captures d'écran disponibles.,account,medium,Ajouter au groupe Azure AD du site.,fr,synthetic_tritux_v1
TRX-1087,USB non autorisé bloqué Problème reproduit sur 2 postes.,Clé USB refusée par la politique de sécurité. Captures d'écran disponibles.,security,low,"Utiliser OneDrive Tritux, demander exception SI.",fr,synthetic_tritux_v1
TRX-1361,Distribution list non à jour Merci de traiter rapidement.,Liste all-staff contient anciens employés. Impact sur mon activité quotidienne.,email,low,Sync HR + nettoyage DL.,fr,synthetic_tritux_v1
TRX-1311,Profil Windows corrompu En télétravail uniquement.,Impossible de charger le profil local. Sur site le problème n'apparaît pas.,account,high,"Nouveau profil temporaire, migration data.",fr,synthetic_tritux_v1
TRX-1036,DNS ne résout pas les sites internes,intranet.tritux.local ne répond pas.,network,high,"Pointer DNS vers contrôleurs Tritux, flushdns.",fr,synthetic_tritux_v1
TRX-1331,Boîte partagée inaccessible Merci de traiter rapidement.,support@tritux.com non visible. Impact sur mon activité quotidienne.,email,medium,Droits FullAccess mailbox.,fr,synthetic_tritux_v1
TRX-1349,Quota boîte mail saturé Merci de traiter rapidement.,"Impossible de recevoir, 99 Go utilisés. Impact sur mon activité quotidienne.",email,medium,Archivage online + purge.,fr,synthetic_tritux_v1
TRX-1136,Teams ne rejoint pas les réunions Depuis la dernière mise à jour Windows.,"Bouton Rejoindre grisé, erreur média. Aucun changement matériel de mon côté.",software,medium,"Clear cache Teams, réinstaller client.",fr,synthetic_tritux_v1
TRX-1343,Calendrier Teams non synchronisé Merci de traiter rapidement.,RDV Outlook absents de Teams. Impact sur mon activité quotidienne.,email,medium,Repair sync M365 calendar.,fr,synthetic_tritux_v1
TRX-1107,Lien suspect dans Teams En télétravail uniquement.,Collègue a collé un lien raccourci douteux. Sur site le problème n'apparaît pas.,security,high,"Ne pas ouvrir, signaler au SOC Tritux.",fr,synthetic_tritux_v1
TRX-1181,Erreur licence Office 365 Merci de traiter rapidement.,Produit non licencié après changement de poste. Impact sur mon activité quotidienne.,software,high,Réactiver licence via compte Tritux.,fr,synthetic_tritux_v1
TRX-1189,Zoom / Teams conflit audio Problème reproduit sur 2 postes.,Micro non détecté pendant réunion. Captures d'écran disponibles.,software,medium,Permissions Windows privacy + périphérique défaut.,fr,synthetic_tritux_v1
TRX-1083,Demande de droits admin local En télétravail uniquement.,"Besoin d'installer un outil, UAC bloque l'installation. Sur site le problème n'apparaît pas.",security,medium,"Évaluer besoin, déploiement via Intune si validé.",fr,synthetic_tritux_v1
TRX-1186,Zoom / Teams conflit audio,Micro non détecté pendant réunion.,software,medium,Permissions Windows privacy + périphérique défaut.,fr,synthetic_tritux_v1
TRX-1325,Signature email à mettre à jour Merci de traiter rapidement.,Nouvelle signature corporate manquante. Impact sur mon activité quotidienne.,email,low,Déployer signature centralisée.,fr,synthetic_tritux_v1
TRX-1232,Webcam intégrée noire Depuis la dernière mise à jour Windows.,Caméra allumée mais image noire dans Teams. Aucun changement matériel de mon côté.,hardware,medium,"Réinstaller pilote caméra, privacy settings.",fr,synthetic_tritux_v1
TRX-1400,Suggestion amélioration helpdesk Depuis la dernière mise à jour Windows.,Ajouter FAQ visible avant ticket. Aucun changement matériel de mon côté.,other,low,Remonter product owner.,fr,synthetic_tritux_v1
TRX-1393,Question politique télétravail Problème reproduit sur 2 postes.,Jours autorisés hors site? Captures d'écran disponibles.,other,low,Consulter RH / intranet.,fr,synthetic_tritux_v1
TRX-1051,Proxy bloque certains sites pro Problème reproduit sur 2 postes.,Accès refusé via proxy pour un outil SaaS métier. Captures d'écran disponibles.,network,medium,Demander exception proxy / whitelist.,fr,synthetic_tritux_v1
TRX-1421,Câble réseau coupé open-space - besoin aide,Poste voisin aussi offline. Occurrence #4.,network,medium,Vérifier switch étage.,fr,synthetic_tritux_v1
TRX-1381,Réservation salle réunion outil Problème reproduit sur 2 postes.,Comment réserver la salle Innovate? Captures d'écran disponibles.,other,low,Utiliser Outlook room finder.,fr,synthetic_tritux_v1
TRX-1148,Installation Docker Desktop bloquée Depuis la dernière mise à jour Windows.,"Besoin Docker pour le projet, droits insuffisants. Aucun changement matériel de mon côté.",software,medium,Demande logiciel + validation sécurité.,fr,synthetic_tritux_v1
TRX-1116,Demande d'audit des accès partage Urgent pour une livraison client.,Besoin de revoir qui a accès au dossier RH. Deadline aujourd'hui 17h.,security,medium,Exporter ACL et valider avec Data Owner.,fr,synthetic_tritux_v1
TRX-1338,Mails partent en spam chez clients Urgent pour une livraison client.,Plaintes SPF/DKIM fail. Deadline aujourd'hui 17h.,email,high,Vérifier enregistrements DNS mail.,fr,synthetic_tritux_v1
TRX-1023,Wi-Fi instable au 3ème étage En télétravail uniquement.,Le réseau sans fil coupe souvent dans la salle réunion B. Sur site le problème n'apparaît pas.,network,medium,"Reset borne AP, vérifier couverture et canaux.",fr,synthetic_tritux_v1
TRX-1035,Latence élevée sur Teams En télétravail uniquement.,Appels Teams avec décalage audio important. Sur site le problème n'apparaît pas.,network,medium,"Tester bande passante, QoS, fermer VPN split tunnel.",fr,synthetic_tritux_v1
TRX-1360,Distribution list non à jour,Liste all-staff contient anciens employés.,email,low,Sync HR + nettoyage DL.,fr,synthetic_tritux_v1
TRX-1098,Ransomware suspicion fichiers chiffrés Urgent pour une livraison client.,Extensions .locked apparues sur mon dossier Documents. Deadline aujourd'hui 17h.,security,urgent,"Débrancher réseau immédiatement, alerter SOC.",fr,synthetic_tritux_v1
TRX-1295,Double authentification à configurer Merci de traiter rapidement.,Onboarding: activer MFA obligatoire. Impact sur mon activité quotidienne.,account,medium,Guide enrollment Authenticator.,fr,synthetic_tritux_v1
TRX-1185,Erreur licence Office 365 En télétravail uniquement.,Produit non licencié après changement de poste. Sur site le problème n'apparaît pas.,software,high,Réactiver licence via compte Tritux.,fr,synthetic_tritux_v1
TRX-1316,Mails n'arrivent plus en réception Depuis la dernière mise à jour Windows.,"Boîte vide depuis hier, envoi OK. Aucun changement matériel de mon côté.",email,high,"Règles Outlook, quarantaine, MX.",fr,synthetic_tritux_v1
TRX-1321,Pièces jointes bloquées Problème reproduit sur 2 postes.,PDF > 10 Mo refusés à l'envoi. Captures d'écran disponibles.,email,medium,"Utiliser OneDrive link, quota PJ.",fr,synthetic_tritux_v1
TRX-1150,VS Code extensions manquantes,Environnement de dév incomplet après reset poste.,software,low,Réinstaller pack extensions Tritux.,fr,synthetic_tritux_v1
TRX-1282,Désactivation compte collaborateur sorti,Offboarding: désactiver compte demain 18h.,account,high,Checklist offboarding AD/M365.,fr,synthetic_tritux_v1
TRX-1040,DNS ne résout pas les sites internes Depuis la dernière mise à jour Windows.,intranet.tritux.local ne répond pas. Aucun changement matériel de mon côté.,network,high,"Pointer DNS vers contrôleurs Tritux, flushdns.",fr,synthetic_tritux_v1
TRX-1193,Écran secondaire scintille Merci de traiter rapidement.,Moniteur HDMI scintille via dock USB-C. Impact sur mon activité quotidienne.,hardware,low,"Tester câble, port, MAJ GPU.",fr,synthetic_tritux_v1
TRX-1063,Email de phishing suspect reçu Problème reproduit sur 2 postes.,Mail demandant de saisir mon mot de passe SSO via un lien externe. Captures d'écran disponibles.,security,urgent,"Ne pas cliquer, signaler phishing, reset MDP si cliqué.",fr,synthetic_tritux_v1
TRX-1274,Droits accès SharePoint manquants Depuis la dernière mise à jour Windows.,Pas d'accès au site projet Alpha. Aucun changement matériel de mon côté.,account,medium,Ajouter au groupe Azure AD du site.,fr,synthetic_tritux_v1
TRX-1235,Ventilateur très bruyant Merci de traiter rapidement.,PC surchauffe et throttle en réunion. Impact sur mon activité quotidienne.,hardware,medium,"Nettoyage poussière, paste thermique.",fr,synthetic_tritux_v1
TRX-1373,Demande formation Excel avancé Merci de traiter rapidement.,Souhait formation tableaux croisés. Impact sur mon activité quotidienne.,other,low,Orienter catalogue formation Tritux.,fr,synthetic_tritux_v1
TRX-1022,Wi-Fi instable au 3ème étage Depuis la dernière mise à jour Windows.,Le réseau sans fil coupe souvent dans la salle réunion B. Aucun changement matériel de mon côté.,network,medium,"Reset borne AP, vérifier couverture et canaux.",fr,synthetic_tritux_v1
TRX-1135,Teams ne rejoint pas les réunions Problème reproduit sur 2 postes.,"Bouton Rejoindre grisé, erreur média. Captures d'écran disponibles.",software,medium,"Clear cache Teams, réinstaller client.",fr,synthetic_tritux_v1
TRX-1309,Profil Windows corrompu Problème reproduit sur 2 postes.,Impossible de charger le profil local. Captures d'écran disponibles.,account,high,"Nouveau profil temporaire, migration data.",fr,synthetic_tritux_v1
TRX-1176,Navigateur Chrome très lent Urgent pour une livraison client.,"Onglets se figent, utilisation CPU élevée. Deadline aujourd'hui 17h.",software,medium,"Désactiver extensions, clear cache.",fr,synthetic_tritux_v1
TRX-1183,Erreur licence Office 365 Problème reproduit sur 2 postes.,Produit non licencié après changement de poste. Captures d'écran disponibles.,software,high,Réactiver licence via compte Tritux.,fr,synthetic_tritux_v1
TRX-1049,Proxy bloque certains sites pro Merci de traiter rapidement.,Accès refusé via proxy pour un outil SaaS métier. Impact sur mon activité quotidienne.,network,medium,Demander exception proxy / whitelist.,fr,synthetic_tritux_v1
TRX-1194,Écran secondaire scintille Urgent pour une livraison client.,Moniteur HDMI scintille via dock USB-C. Deadline aujourd'hui 17h.,hardware,low,"Tester câble, port, MAJ GPU.",fr,synthetic_tritux_v1
TRX-1423,Erreur OneNote sync - besoin aide,Bloc-notes ne se synchronise plus. Occurrence #2.,software,low,Repair OneNote / Sign-out.,fr,synthetic_tritux_v1
TRX-1432,Alerte connexion RDP inhabituelle,Tentative RDP hors heures. Occurrence #3.,security,urgent,"Bloquer IP, audit compte.",fr,synthetic_tritux_v1
TRX-1172,PowerPoint police manquante Depuis la dernière mise à jour Windows.,Présentation avec polices non installées. Aucun changement matériel de mon côté.,software,low,Installer polices corporate Tritux.,fr,synthetic_tritux_v1
TRX-1390,Question politique télétravail,Jours autorisés hors site?,other,low,Consulter RH / intranet.,fr,synthetic_tritux_v1
TRX-1110,Certificat SSL invalide sur portail Urgent pour une livraison client.,Navigateur indique certificat non fiable. Deadline aujourd'hui 17h.,security,high,Vérifier horloge système et certificat serveur.,fr,synthetic_tritux_v1
TRX-1079,Demande de droits admin local Merci de traiter rapidement.,"Besoin d'installer un outil, UAC bloque l'installation. Impact sur mon activité quotidienne.",security,medium,"Évaluer besoin, déploiement via Intune si validé.",fr,synthetic_tritux_v1
TRX-1407,Imprimante imprime des pages blanches - besoin aide,Toner semble OK mais sorties blanches. Occurrence #2.,hardware,low,"Tambour/toner, test page.",fr,synthetic_tritux_v1
TRX-1174,Navigateur Chrome très lent,"Onglets se figent, utilisation CPU élevée.",software,medium,"Désactiver extensions, clear cache.",fr,synthetic_tritux_v1
TRX-1426,Demande accès GitLab,Nouveau développeur sans accès dépôt.,account,medium,Ajouter groupe gitlab-devs.,fr,synthetic_tritux_v1
TRX-1357,Règle de redirection suspecte Problème reproduit sur 2 postes.,Mails forward auto vers externe. Captures d'écran disponibles.,email,urgent,"Supprimer règle, reset MDP, audit.",fr,synthetic_tritux_v1
TRX-1081,Demande de droits admin local Problème reproduit sur 2 postes.,"Besoin d'installer un outil, UAC bloque l'installation. Captures d'écran disponibles.",security,medium,"Évaluer besoin, déploiement via Intune si validé.",fr,synthetic_tritux_v1
TRX-1388,Demande inventaire matériel Depuis la dernière mise à jour Windows.,Liste des assets de mon département. Aucun changement matériel de mon côté.,other,low,Extraire depuis CMDB / Intune.,fr,synthetic_tritux_v1
TRX-1003,Impossible de se connecter au VPN Problème reproduit sur 2 postes.,Erreur 'connexion VPN échouée' depuis le télétravail. Client OpenVPN à jour. Captures d'écran disponibles.,network,high,"Vérifier certificat VPN, DNS et firewall.",fr,synthetic_tritux_v1
TRX-1142,Word affiche document corrompu Depuis la dernière mise à jour Windows.,Impossible d'ouvrir mon rapport.docx. Aucun changement matériel de mon côté.,software,medium,Récupération Word / versions OneDrive.,fr,synthetic_tritux_v1
TRX-1301,Alias email non reçu Merci de traiter rapidement.,L'alias prenom.nom2 n'arrive pas. Impact sur mon activité quotidienne.,account,medium,Vérifier proxyAddresses Exchange.,fr,synthetic_tritux_v1
TRX-1229,Webcam intégrée noire Merci de traiter rapidement.,Caméra allumée mais image noire dans Teams. Impact sur mon activité quotidienne.,hardware,medium,"Réinstaller pilote caméra, privacy settings.",fr,synthetic_tritux_v1
TRX-1112,Certificat SSL invalide sur portail Depuis la dernière mise à jour Windows.,Navigateur indique certificat non fiable. Aucun changement matériel de mon côté.,security,high,Vérifier horloge système et certificat serveur.,fr,synthetic_tritux_v1
TRX-1214,Batterie PC portable se décharge vite Depuis la dernière mise à jour Windows.,Autonomie < 1h alors que neuve il y a 2 ans. Aucun changement matériel de mon côté.,hardware,medium,"Diagnostic batterie, remplacement si usée.",fr,synthetic_tritux_v1
TRX-1429,Demande accès GitLab - besoin aide,Nouveau développeur sans accès dépôt. Occurrence #4.,account,medium,Ajouter groupe gitlab-devs.,fr,synthetic_tritux_v1
TRX-1359,Règle de redirection suspecte En télétravail uniquement.,Mails forward auto vers externe. Sur site le problème n'apparaît pas.,email,urgent,"Supprimer règle, reset MDP, audit.",fr,synthetic_tritux_v1
TRX-1332,Boîte partagée inaccessible Urgent pour une livraison client.,support@tritux.com non visible. Deadline aujourd'hui 17h.,email,medium,Droits FullAccess mailbox.,fr,synthetic_tritux_v1
TRX-1366,Erreur NDR 5.7.1,Envoi interne refusé avec NDR.,email,medium,Permissions send-as / connector.,fr,synthetic_tritux_v1
TRX-1101,Ransomware suspicion fichiers chiffrés En télétravail uniquement.,Extensions .locked apparues sur mon dossier Documents. Sur site le problème n'apparaît pas.,security,urgent,"Débrancher réseau immédiatement, alerter SOC.",fr,synthetic_tritux_v1
TRX-1287,Désactivation compte collaborateur sorti En télétravail uniquement.,Offboarding: désactiver compte demain 18h. Sur site le problème n'apparaît pas.,account,high,Checklist offboarding AD/M365.,fr,synthetic_tritux_v1
TRX-1013,Pas d'accès Internet sur le poste Merci de traiter rapidement.,Plus de navigation web ni ping 8.8.8.8 depuis ce matin. Impact sur mon activité quotidienne.,network,high,"Vérifier câble/Wi-Fi, DHCP, proxy Tritux.",fr,synthetic_tritux_v1
TRX-1308,Profil Windows corrompu Urgent pour une livraison client.,Impossible de charger le profil local. Deadline aujourd'hui 17h.,account,high,"Nouveau profil temporaire, migration data.",fr,synthetic_tritux_v1
TRX-1258,Compte verrouillé après tentatives,"Trop d'échecs de connexion, compte lock.",account,high,Unlock Active Directory / Azure AD.,fr,synthetic_tritux_v1
TRX-1119,Demande d'audit des accès partage En télétravail uniquement.,Besoin de revoir qui a accès au dossier RH. Sur site le problème n'apparaît pas.,security,medium,Exporter ACL et valider avec Data Owner.,fr,synthetic_tritux_v1
TRX-1111,Certificat SSL invalide sur portail Problème reproduit sur 2 postes.,Navigateur indique certificat non fiable. Captures d'écran disponibles.,security,high,Vérifier horloge système et certificat serveur.,fr,synthetic_tritux_v1
TRX-1047,Câble RJ45 défectueux poste finance En télétravail uniquement.,"Lien ethernet down, LED orange éteinte. Sur site le problème n'apparaît pas.",network,low,Remplacer câble et tester port switch.,fr,synthetic_tritux_v1
TRX-1015,Pas d'accès Internet sur le poste Problème reproduit sur 2 postes.,Plus de navigation web ni ping 8.8.8.8 depuis ce matin. Captures d'écran disponibles.,network,high,"Vérifier câble/Wi-Fi, DHCP, proxy Tritux.",fr,synthetic_tritux_v1
TRX-1016,Pas d'accès Internet sur le poste Depuis la dernière mise à jour Windows.,Plus de navigation web ni ping 8.8.8.8 depuis ce matin. Aucun changement matériel de mon côté.,network,high,"Vérifier câble/Wi-Fi, DHCP, proxy Tritux.",fr,synthetic_tritux_v1
TRX-1216,PC ne démarre plus,"Écran noir au power on, ventilateurs tournent.",hardware,high,"Tester RAM/écran externe, atelier.",fr,synthetic_tritux_v1
TRX-1302,Alias email non reçu Urgent pour une livraison client.,L'alias prenom.nom2 n'arrive pas. Deadline aujourd'hui 17h.,account,medium,Vérifier proxyAddresses Exchange.,fr,synthetic_tritux_v1
TRX-1044,Câble RJ45 défectueux poste finance Urgent pour une livraison client.,"Lien ethernet down, LED orange éteinte. Deadline aujourd'hui 17h.",network,low,Remplacer câble et tester port switch.,fr,synthetic_tritux_v1
TRX-1279,Changement de nom suite mariage Problème reproduit sur 2 postes.,Mettre à jour display name et email. Captures d'écran disponibles.,account,low,Ticket identité + sync HRIS.,fr,synthetic_tritux_v1
TRX-1438,Mailing list projet à créer,Créer liste projet-nova@tritux.com.,email,low,Créer DL Exchange.,fr,synthetic_tritux_v1
TRX-1346,Calendrier Teams non synchronisé Depuis la dernière mise à jour Windows.,RDV Outlook absents de Teams. Aucun changement matériel de mon côté.,email,medium,Repair sync M365 calendar.,fr,synthetic_tritux_v1
TRX-1052,Proxy bloque certains sites pro Depuis la dernière mise à jour Windows.,Accès refusé via proxy pour un outil SaaS métier. Aucun changement matériel de mon côté.,network,medium,Demander exception proxy / whitelist.,fr,synthetic_tritux_v1
TRX-1377,Demande formation Excel avancé En télétravail uniquement.,Souhait formation tableaux croisés. Sur site le problème n'apparaît pas.,other,low,Orienter catalogue formation Tritux.,fr,synthetic_tritux_v1
TRX-1071,Compte potentiellement compromis En télétravail uniquement.,Connexions inhabituelles depuis l'étranger dans les logs. Sur site le problème n'apparaît pas.,security,urgent,"Révoquer sessions, reset MDP, MFA obligatoire.",fr,synthetic_tritux_v1
TRX-1114,Demande d'audit des accès partage,Besoin de revoir qui a accès au dossier RH.,security,medium,Exporter ACL et valider avec Data Owner.,fr,synthetic_tritux_v1
TRX-1125,Outlook ne démarre plus En télétravail uniquement.,Outlook plante au lancement avec erreur 0x8004010F. Sur site le problème n'apparaît pas.,software,high,"Réparer Office, mode sans échec, nouveau profil.",fr,synthetic_tritux_v1
TRX-1140,Word affiche document corrompu Urgent pour une livraison client.,Impossible d'ouvrir mon rapport.docx. Deadline aujourd'hui 17h.,software,medium,Récupération Word / versions OneDrive.,fr,synthetic_tritux_v1
TRX-1379,Réservation salle réunion outil Merci de traiter rapidement.,Comment réserver la salle Innovate? Impact sur mon activité quotidienne.,other,low,Utiliser Outlook room finder.,fr,synthetic_tritux_v1
TRX-1012,Pas d'accès Internet sur le poste,Plus de navigation web ni ping 8.8.8.8 depuis ce matin.,network,high,"Vérifier câble/Wi-Fi, DHCP, proxy Tritux.",fr,synthetic_tritux_v1
TRX-1057,Perte de connexion après veille Problème reproduit sur 2 postes.,"Après sleep Windows, plus de réseau jusqu'au reboot. Captures d'écran disponibles.",network,medium,"Mettre à jour pilote NIC, désactiver energy saving.",fr,synthetic_tritux_v1
TRX-1327,Signature email à mettre à jour Problème reproduit sur 2 postes.,Nouvelle signature corporate manquante. Captures d'écran disponibles.,email,low,Déployer signature centralisée.,fr,synthetic_tritux_v1
